4;Прочие;Freephone;800;;31;26,27
2;Прочие;MTT Global Networks;88;3140, 31403, 314071, 314072, 314073;5;4,24
3;Прочие;Voxbone Global Networks;88;35100;10;8,47
5;СНГ;Абхазия;7;840;50;42,37
6;СНГ;Абхазия моб.A-Mobile;7;9407;45;38,14
7;СНГ;Абхазия моб.Aquafon;7;9409;45;38,14
8;СНГ;Абхазия моб.др.;7;940;45;38,14
9;СНГ;Абхазия Сухум;7;840222, 840226;30;25,42
10;Австралия;Австралия;61;;5;4,24
11;Австралия;Австралия Global satellite mobile;61;14;1000;847,46
12;Австралия;Австралия города;61;261, 262, 28, 29, 52, 53, 54, 61, 62, 63, 64, 65, 72, 73, 870, 871, 872, 873, 874, 881, 882, 883, 884, 92, 93, 94;5;4,24
13;Австралия;Австралия моб.;61;1, 4;13;11,02
14;Австралия;Австралия специальные сервисы;61;13;13;11,02
15;Европа;Австрия;43;;5;4,24
16;Европа;Австрия Вена;43;1;5;4,24
26;Европа;Австрия моб.3G;43;660, 67833, 67890, 67891, 68183;5;4,24
27;Европа;Австрия моб.3G роуминг;43;6600;5;4,24
17;Европа;Австрия моб.Connect One;43;681, 699;5;4,24
18;Европа;Австрия моб.Connect One роуминг;43;69900;5;4,24
19;Европа;Австрия моб.Mobilkom;43;664, 680, 688, 69981, 69982, 69988, 69989;5;4,24
20;Европа;Австрия моб.Mobilkom роуминг;43;6640;5;4,24
23;Европа;Австрия моб.T-Mobile;43;676, 677;5;4,24
24;Европа;Австрия моб.T-Mobile роуминг;43;6760;5;4,24
21;Европа;Австрия моб.Telering;43;650;5;4,24
22;Европа;Австрия моб.Telering роуминг;43;6500;5;4,24
25;Европа;Австрия моб.др.;43;644, 661, 665, 667, 670, 678, 68860, 68861, 68864, 68877, 6889, 690, 720, 780;5;4,24
28;Европа;Австрия специальные сервисы;43;710, 711, 730, 740, 810, 820;5;4,24
29;СНГ;Азербайджан;994;;50;42,37
30;СНГ;Азербайджан Баку;994;12;50;42,37
31;СНГ;Азербайджан моб.Azercell;994;50, 51;90;76,27
32;СНГ;Азербайджан моб.Azercell роуминг;994;508;90;76,27
33;СНГ;Азербайджан моб.Azerfon;994;70, 77;90;76,27
34;СНГ;Азербайджан моб.Azerfon роуминг;994;700, 7020;90;76,27
35;СНГ;Азербайджан моб.Bakcell;994;55;90;76,27
36;СНГ;Азербайджан моб.Bakcell роуминг;994;550;90;76,27
37;СНГ;Азербайджан моб.Catel;994;40;90;76,27
38;СНГ;Азербайджан моб.др.;994;44, 5, 60;90;76,27
39;СНГ;Азербайджан специальные сервисы;994;88, 900;200;169,49
40;Европа;Албания;355;;45;38,14
41;Европа;Албания Интерактивное ТВ;355;346, 355, 511, 559;45;38,14
42;Европа;Албания моб.AMC;355;68;100;84,75
43;Европа;Албания моб.AMC роуминг;355;680;100;84,75
44;Европа;Албания моб.Eagle;355;67;100;84,75
45;Европа;Албания моб.PLUS;355;66;100;84,75
46;Европа;Албания моб.Vodafone;355;69;100;84,75
47;Европа;Албания специальные сервисы;355;4249, 4250, 4251, 4252, 45750, 45751, 52450;45;38,14
48;Европа;Албания Тирана;355;4;45;38,14
49;Африка;Алжир;213;;20;16,95
50;Африка;Алжир моб.Algeria Telecom;213;66, 69;100;84,75
51;Африка;Алжир моб.Orascom;213;77, 780, 79;100;84,75
52;Африка;Алжир моб.Wataniya;213;5;200;169,49
53;Африка;Алжир моб.др.;213;6, 7, 9;100;84,75
54;Прочие;Американское (Восточное) Самоа;1;684;7;5,93
55;Прочие;Ангилья;1;264;70;59,32
56;Африка;Ангола;244;;12;10,17
57;Африка;Ангола моб.Movicel;244;91;35;29,66
58;Африка;Ангола моб.Unitel;244;92, 93;35;29,66
59;Африка;Ангола моб.др.;244;9;35;29,66
60;Европа;Андорра;376;;5;4,24
61;Европа;Андорра моб.;376;3, 4, 5, 6;31;26,27
62;Прочие;Антарктика;672;;400;338,98
63;Прочие;Антигуа и Барбуда;1;268;60;50,85
64;Прочие;Антильские о-ва (Нидерланды);599;;31;26,27
65;Америка;Аргентина;54;;7;5,93
66;Америка;Аргентина Буэнос Айрес;54;11;7;5,93
67;Америка;Аргентина моб.;54;9;26;22,03
68;Америка;Аргентина премиум;54;116261, 221587;100;84,75
69;СНГ;Армения;374;;50;42,37
70;СНГ;Армения внегеографические;374;60;50;42,37
71;СНГ;Армения Ереван;374;10;50;42,37
72;СНГ;Армения моб.ArmenTel;374;43, 91, 96, 99;50;42,37
73;СНГ;Армения моб.ArmenTel роуминг;374;910, 9144;50;42,37
74;СНГ;Армения моб.Orange;374;41, 55, 95;50;42,37
75;СНГ;Армения моб.Orange роуминг;374;9597;50;42,37
76;СНГ;Армения моб.VivaCell;374;49, 77, 93, 94, 98;50;42,37
77;СНГ;Армения моб.VivaCell роуминг;374;9329;50;42,37
78;СНГ;Армения моб.др.;374;9;50;42,37
79;СНГ;Армения прочие;374;4, 5, 6037;50;42,37
80;Прочие;Аруба;297;;60;50,85
81;Прочие;Аруба моб.;297;56, 59, 60, 62, 63, 64, 66, 69, 73, 74, 9;60;50,85
82;Азия;Афганистан;93;;50;42,37
83;Азия;Афганистан моб.Afghan Telecom;93;75;50;42,37
84;Азия;Афганистан моб.AWCC;93;70;50;42,37
85;Азия;Афганистан моб.Etisalat;93;78;50;42,37
86;Азия;Афганистан моб.MTN;93;77;50;42,37
87;Азия;Афганистан моб.Roshan;93;79;50;42,37
88;Азия;Афганистан моб.др.;93;7;50;42,37
89;Прочие;Багамы;1;242;29;24,58
90;Прочие;Бангладеш;88;0;7;5,93
91;Прочие;Бангладеш моб.;88;01;7;5,93
92;Прочие;Барбадос;1;246;60;50,85
93;Прочие;Барбадос моб.;1;24623, 24624, 24625, 24626, 24644, 24645, 24652, 24653, 24682, 24683, 24684, 24685;60;50,85
94;Прочие;Бахрейн;973;;35;29,66
95;Прочие;Бахрейн моб.;973;136, 31, 33, 34, 36, 37, 383, 388, 39, 663, 666, 77;35;29,66
96;СНГ;Беларусь;375;;90;76,27
97;СНГ;Беларусь OLO;375;8600000, 8600001, 8600002, 8600003;90;76,27
98;СНГ;Беларусь ИСС;375;800;90;76,27
99;СНГ;Беларусь Минск;375;172, 173, 175;90;76,27
100;СНГ;Беларусь моб.BeST;375;25;90;76,27
101;СНГ;Беларусь моб.MDC;375;291, 293, 296, 299, 44;90;76,27
102;СНГ;Беларусь моб.MDC роуминг;375;2910, 2930, 2960, 2990;90;76,27
103;СНГ;Беларусь моб.MTS;375;292, 295, 297, 298, 33;90;76,27
104;СНГ;Беларусь моб.MTS роуминг;375;29549, 29579, 29719, 29729, 29739, 29759, 29789, 29799;90;76,27
105;СНГ;Беларусь моб.др.;375;290, 294;90;76,27
106;СНГ;Беларусь специальные сервисы;375;602, 609;90;76,27
107;Прочие;Белиз;501;;60;50,85
108;Прочие;Белиз моб.;501;6;60;50,85
109;Европа;Бельгия;32;;5;4,24
110;Европа;Бельгия ИСС;32;97461, 97761, 97861, 97961;5;4,24
111;Европа;Бельгия моб.Base;32;48, 770002;5;4,24
112;Европа;Бельгия моб.Base роуминг;32;48601;5;4,24
113;Европа;Бельгия моб.Belgacom (Proximus);32;460, 47, 770001;5;4,24
114;Европа;Бельгия моб.Belgacom (Proximus) роуминг;32;4750;5;4,24
115;Европа;Бельгия моб.Mobistar;32;49, 770005;5;4,24
116;Европа;Бельгия моб.Mobistar роуминг;32;49509;5;4,24
117;Европа;Бельгия моб.Telenet;32;4681, 4682, 4683;5;4,24
118;Европа;Бельгия моб.др.;32;45, 46, 77;8;6,78
119;Европа;Бельгия универсальный доступ;32;70;12;10,17
120;Африка;Бенин;229;;50;42,37
121;Африка;Бенин моб.;229;9;50;42,37
122;Прочие;Бермудские о-ва;1;441;10;8,47
123;Европа;Болгария;359;;5;4,24
124;Европа;Болгария OLO;359;24, 349;5;4,24
125;Европа;Болгария WiMax;359;99;5;4,24
126;Европа;Болгария моб.BTC;359;87;5;4,24
127;Европа;Болгария моб.BTC роуминг;359;878;5;4,24
128;Европа;Болгария моб.GloBul;359;89;5;4,24
129;Европа;Болгария моб.GloBul роуминг;359;898;5;4,24
130;Европа;Болгария моб.Mobikom;359;48;5;4,24
131;Европа;Болгария моб.Mobiltel;359;88, 988, 989;5;4,24
132;Европа;Болгария моб.Mobiltel роуминг;359;880;5;4,24
133;Европа;Болгария моб.др.;359;179, 98;5;4,24
134;Европа;Болгария премиум;359;24845, 24846, 56934, 90069;200;169,49
135;Европа;Болгария София;359;2;5;4,24
136;Европа;Болгария специальные сервисы;359;88154, 8829;15;12,71
137;Прочие;Боливия;591;;50;42,37
138;Прочие;Боливия моб.;591;6, 7;50;42,37
139;Европа;Босния и Герцеговина;387;;28;23,73
140;Европа;Босния и Герцеговина HT Mostar сеть;387;3049, 3064, 3065, 3070, 3071, 3073, 3079, 3080, 3087, 317, 3288, 3289, 33648, 33901, 34, 35901, 3631, 3632, 3633, 3634, 3635, 3637, 3638, 3639, 3644, 3664, 3665, 3677, 3678, 3680, 3681, 3682, 3685, 3686, 3687, 3688, 3689, 37901, 3938, 3966, 3967, 3968, 3969, 3970, 3971, 3983, 3984, 3985, 497, 51901;35;29,66
141;Европа;Босния и Герцеговина Srpske сеть;387;492, 493, 494, 50, 51, 52, 53, 540, 541, 542, 543, 544, 545, 546, 547, 548, 5490, 54910, 54912, 54913, 54914, 54915, 54916, 54917, 54918, 54919, 5492, 5493, 5494, 5495, 5496, 5497, 5498, 5499, 55, 56, 57, 58, 59;35;29,66
142;Европа;Босния и Герцеговина моб.BH Telecom;387;603, 60400, 60401, 60402, 60403, 60404, 61, 62;90;76,27
143;Европа;Босния и Герцеговина моб.BH Telecom роуминг;387;6112;90;76,27
144;Европа;Босния и Герцеговина моб.Eronet;387;63, 64;90;76,27
145;Европа;Босния и Герцеговина моб.Eronet роуминг;387;6330, 6339;90;76,27
146;Европа;Босния и Герцеговина моб.Telekom Srpske;387;65, 66, 67;90;76,27
147;Европа;Босния и Герцеговина моб.Telekom Srpske роуминг;387;6550;90;76,27
148;Европа;Босния и Герцеговина специальные сервисы;387;369111, 369112, 369113, 369114, 369115;35;29,66
149;Африка;Ботсвана;267;;15;12,71
150;Африка;Ботсвана моб.;267;7;60;50,85
152;Прочие;Бразилия Белу Оризонти;55;31;5;4,24
153;Прочие;Бразилия моб.;55;115020, 115023, 115024, 115025, 115026, 115027, 115028, 115030, 115037, 115038, 115039, 115040, 115043, 115047, 115048, 115050, 115057, 115059, 115064, 115075, 115076, 115100, 115101, 115104, 115106, 115107, 115108, 115109, 115113, 115114, 115116, 115117, 115118, 115119, 11512, 11513, 11514, 11515, 11516, 115170, 115172, 115173, 115174, 115175, 115176, 115177, 115178, 115179, 115190, 115192, 115193, 115194, 115195, 115196, 115197, 115198, 115199, 1152, 1153, 1154, 115500, 115520, 115530, 115540, 115550, 115551, 115552, 115554, 1157, 11580, 115810, 115813, 115815, 115900, 115901, 115902, 115903, 115905, 11591, 115930, 115935, 115936, 115937, 11594, 11595, 11596, 11598, 11599, 116, 117, 118, 119, 126, 127, 128, 129, 136, 137, 138, 139, 146, 147, 148, 149, 156, 157, 158, 159, 166, 167, 168, 169, 176, 177, 178, 179, 186, 187, 188, 189, 196, 197, 198, 199, 216, 217, 218, 219, 226, 227, 228, 229, 236, 237, 238, 239, 246, 247, 248, 249, 256, 257, 258, 259, 266, 267, 268, 269, 276, 277, 278, 279, 286, 287, 288, 289, 296, 297, 298, 299, 316, 317, 318, 319, 326, 327, 328, 329, 336, 337, 338, 339, 346, 347, 348, 349, 356, 357, 358, 359, 366, 367, 368, 369, 376, 377, 378, 379, 386, 387, 388, 389, 396, 397, 398, 399, 416, 417, 418, 419, 426, 427, 428, 429, 436, 437, 438, 439, 446, 447, 448, 449, 456, 457, 458, 459, 466, 467, 468, 469, 476, 477, 478, 479, 486, 487, 488, 489, 496, 497, 498, 499, 516, 517, 518, 519, 526, 527, 528, 529, 536, 537, 538, 539, 546, 547, 548, 549, 556, 557, 558, 559, 566, 567, 568, 569, 576, 577, 578, 579, 586, 587, 588, 589, 596, 597, 598, 599, 616, 617, 618, 619, 626, 627, 628, 629, 636, 637, 638, 639, 646, 647, 648, 649, 656, 657, 658, 659, 666, 667, 668, 669, 676, 677, 678, 679, 686, 687, 688, 689, 696, 697, 698, 699, 716, 717, 718, 719, 726, 727, 728, 729, 736, 737, 738, 739, 746, 747, 748, 749, 756, 757, 758, 759, 766, 767, 768, 769, 776, 777, 778, 779, 786, 787, 788, 789, 796, 797, 798, 799, 816, 817, 818, 819, 826, 827, 828, 829, 836, 837, 838, 839, 846, 847, 848, 849, 856, 857, 858, 859, 866, 867, 868, 869, 876, 877, 878, 879, 886, 887, 888, 889, 896, 897, 898, 899, 916, 917, 918, 919, 926, 927, 928, 929, 936, 937, 938, 939, 946, 947, 948, 949, 956, 957, 958, 959, 966, 967, 968, 969, 976, 977, 978, 979, 986, 987, 988, 989, 996, 997, 998, 999;45;38,14
154;Прочие;Бразилия Рио-де-Жанейро;55;21;5;4,24
155;Прочие;Бразилия Сан-Паулу;55;11, 115212, 115213;5;4,24
156;Азия;Бруней;673;;9;7,63
157;Азия;Бруней моб.;673;71, 8;9;7,63
158;Африка;Буркина Фасо;226;;90;76,27
159;Африка;Буркина Фасо Интерактивное TV;226;50;90;76,27
160;Африка;Буркина Фасо моб.;226;7;90;76,27
161;Африка;Бурунди;257;;200;169,49
162;Африка;Бурунди моб.;257;29, 7;200;169,49
163;Африка;Бурунди специальные сервисы;257;7485;200;169,49
164;Азия;Бутан;975;;16;13,56
165;Прочие;Вануату;678;;200;169,49
166;Европа;Ватикан;379;;70;59,32
167;Европа;Великобритания;44;;5;4,24
168;Европа;Великобритания NTS 843;44;8;80;67,80
175;Европа;Великобритания Wide;44;3;5;4,24
176;Европа;Великобритания ИСС;44;8999;5;4,24
177;Европа;Великобритания моб.Hi3G (Hutchison);44;7400, 7401, 7402, 7403, 7533, 7575, 7576, 7577, 7578, 7588, 7723, 7727, 7728, 7735, 7737, 7828, 7830, 7832, 7838, 7846, 7848, 7853, 7859, 7861, 7862, 7863, 7865, 7868, 7869, 7877, 7878, 7882, 7883, 7886, 7888, 7897, 7898, 7915, 7916, 7988;5;4,24
178;Европа;Великобритания моб.Hi3G роуминг;44;7782;5;4,24
181;Европа;Великобритания моб.O2;44;751, 7521, 7522, 7523, 7525, 7526, 754, 756, 759, 7701, 7702, 7703, 7704, 7705, 7706, 7707, 7708, 7709, 7710, 7711, 7712, 7713, 7714, 7715, 7716, 7718, 7719, 7720, 7724, 7725, 7729, 7730, 7731, 7732, 7734, 7736, 7738, 7739, 7740, 7742, 7743, 7745, 7746, 7749, 7750, 7751, 7752, 7753, 7754, 7756, 7759, 7761, 7762, 7763, 7764, 7783, 7784, 7793, 7801, 7803, 7808, 7809, 7819, 7820, 7821, 7834, 7835, 7840, 7841, 7842, 7843, 7844, 7845, 7849, 7850, 7851, 7856, 7857, 7858, 7860, 7864, 7871, 7872, 7873, 7874, 7885, 7889, 7892, 7893, 7894, 7895, 7902, 7907, 7912, 7921, 7922, 7923, 7925, 7926, 7927, 7928, 7933, 7934, 7935, 7936, 7938, 7955, 7999;5;4,24
182;Европа;Великобритания моб.O2 роуминг;44;7802;5;4,24
179;Европа;Великобритания моб.Orange;44;7527, 7528, 7529, 7530, 7531, 75320, 75321, 75322, 75323, 75324, 7536, 7556, 7579, 7580, 7581, 7582, 7583, 7772, 7773, 7779, 7790, 7791, 7792, 7794, 7800, 7805, 7807, 7811, 7812, 7813, 7814, 7815, 7816, 7817, 7837, 7854, 7855, 7866, 7870, 7875, 7890, 7891, 7896, 7929, 7964, 7965, 7966, 7967, 7968, 7969, 7970, 7971, 7972, 7974, 7975, 7976, 7977, 7980, 7989;5;4,24
180;Европа;Великобритания моб.Orange роуминг;44;7973;5;4,24
183;Европа;Великобритания моб.T-Mobile;44;7504, 7505, 7506, 7507, 7508, 7534, 7535, 7538, 7539, 7550, 7572, 7573, 7574, 7722, 7726, 7757, 7758, 7804, 7806, 7847, 7852, 7903, 7904, 7905, 7906, 7908, 7910, 7913, 7914, 7930, 7931, 7932, 7939, 794, 795, 7960, 7961, 7962, 7963, 7981, 7982, 7983, 7984, 7985, 7986, 7987;5;4,24
184;Европа;Великобритания моб.T-Mobile роуминг;44;7953;5;4,24
185;Европа;Великобритания моб.Vodafone;44;7407, 7500, 7501, 7502, 7503, 75374, 7551, 7552, 7553, 7554, 7555, 7557, 7570, 7584, 7585, 7586, 7587, 7717, 7721, 7733, 7741, 7747, 7748, 7765, 7766, 7767, 7768, 7769, 7770, 7771, 7774, 7775, 7776, 7778, 7780, 7786, 7787, 7789, 7795, 7796, 7798, 7810, 7818, 7825, 7826, 7827, 7831, 7833, 7836, 7867, 7876, 7879, 7880, 7881, 7884, 7887, 7899, 7900, 7901, 7909, 7917, 7918, 7919, 7920, 7979, 7990;5;4,24
186;Европа;Великобритания моб.Vodafone роуминг;44;7760, 7785, 7788, 7799, 7823, 7824;5;4,24
188;Европа;Великобритания персональные номера;44;7, 9;80;67,80
189;Европа;Венгрия;36;;5;4,24
190;Европа;Венгрия Будапешт;36;1;5;4,24
191;Европа;Венгрия моб.Pannon;36;20;9;7,63
193;Европа;Венгрия моб.T-Mobile;36;30;9;7,63
192;Европа;Венгрия моб.Tesco;36;31;9;7,63
194;Европа;Венгрия моб.Vodafone;36;70;18;15,25
195;Прочие;Венесуэла;58;;6;5,08
196;Прочие;Венесуэла Каракас;58;212;6;5,08
197;Прочие;Венесуэла моб.;58;41, 42;18;15,25
198;Прочие;Виргинские о-ва (Британские);1;284;70;59,32
199;Прочие;Виргинские о-ва (США);1;340;5;4,24
200;Прочие;Вознесения о-в;247;;400;338,98
1;Россия;Вся Россия;7;7?;3,25;2,75
201;Азия;Вьетнам;84;;18;15,25
202;Азия;Вьетнам моб.;84;121, 122, 123, 125, 126, 127, 128, 129, 162, 163, 164, 165, 166, 167, 168, 169, 186, 188, 199, 9;18;15,25
203;Азия;Вьетнам специальные сервисы;84;1900;18;15,25
204;Африка;Габон;241;;200;169,49
205;Африка;Габон моб.;241;03;200;169,49
206;Африка;Габон моб.Celtel;241;04, 07;200;169,49
207;Африка;Габон моб.Libertis;241;06;200;169,49
208;Африка;Габон моб.Telecel;241;05;200;169,49
210;Прочие;Гайана;592;;80;67,80
211;Прочие;Гайана моб.;592;600, 601, 602, 603, 604, 609, 61, 62, 638, 639, 64, 650, 651, 652, 653, 654, 655, 656, 657, 658, 66, 67, 68, 69;80;67,80
209;Прочие;Гаити;509;;70;59,32
212;Африка;Гамбия;220;;200;169,49
213;Африка;Гамбия моб.;220;3, 6, 7, 9;200;169,49
214;Африка;Гана;233;;70;59,32
215;Африка;Гана Аккра;233;21;70;59,32
216;Африка;Гана моб.Airtel;233;26, 560, 561;70;59,32
217;Африка;Гана моб.GLO;233;23;70;59,32
218;Африка;Гана моб.Kasapa;233;28;70;59,32
219;Африка;Гана моб.MTN;233;24, 54, 553, 554, 555, 556;70;59,32
220;Африка;Гана моб.Tigo;233;27, 57;70;59,32
221;Африка;Гана моб.Vodafone;233;20, 50;70;59,32
222;Прочие;Гваделупа;590;;10;8,47
223;Прочие;Гваделупа моб.;590;690;10;8,47
224;Прочие;Гватемала;502;;35;29,66
225;Прочие;Гватемала моб.;502;4, 5;35;29,66
226;Африка;Гвинея;224;;200;169,49
227;Африка;Гвинея моб.Areeba;224;64;200;169,49
228;Африка;Гвинея моб.Cellcom;224;65, 67;200;169,49
229;Африка;Гвинея моб.Intercel;224;63;200;169,49
230;Африка;Гвинея моб.Orange;224;62, 68;200;169,49
231;Африка;Гвинея моб.Sotelgui;224;60;200;169,49
232;Африка;Гвинея моб.др.;224;6;200;169,49
233;Африка;Гвинея-Биссау;245;;200;169,49
234;Африка;Гвинея-Биссау моб.Guinetel;245;7;200;169,49
235;Африка;Гвинея-Биссау моб.Orange;245;5;200;169,49
236;Африка;Гвинея-Биссау моб.Spacetel;245;6;200;169,49
237;Европа;Германия;49;;7;5,93
238;Европа;Германия IP Phone;49;32;7;5,93
239;Европа;Германия моб.E-Plus;49;150, 155, 156, 157, 163, 178;7;5,93
240;Европа;Германия моб.E-Plus роуминг;49;177;7;5,93
241;Европа;Германия моб.Lycamobile;49;1521;7;5,93
242;Европа;Германия моб.O2;49;159, 179;7;5,93
243;Европа;Германия моб.O2 роуминг;49;176;7;5,93
244;Европа;Германия моб.T-Mobile;49;151, 160, 170, 171, 175;7;5,93
245;Европа;Германия моб.Vodafone;49;152, 162, 173, 174;7;5,93
246;Европа;Германия моб.Vodafone роуминг;49;172;7;5,93
247;Европа;Германия моб.др.;49;15, 16, 700, 701;7;5,93
248;Европа;Германия премиум;49;18, 800;7;5,93
249;Европа;Германия специальные сервисы;49;115, 116, 118, 12, 13, 19;10;8,47
250;Европа;Гибралтар;350;;10;8,47
251;Европа;Гибралтар моб.;350;5, 6;45;38,14
252;Прочие;Гондурас;504;;45;38,14
253;Прочие;Гондурас моб.;504;3, 7, 8, 9;45;38,14
254;Азия;Гонконг;852;;6;5,08
255;Азия;Гонконг моб.;852;17, 48, 49, 51, 52, 53, 54, 55, 56, 59, 6, 9;6;5,08
256;Прочие;Гренада;1;473;70;59,32
257;Прочие;Гренландия;299;;90;76,27
258;Прочие;Гренландия моб.;299;2, 4, 5;200;169,49
259;Европа;Греция;30;;5;4,24
266;Европа;Греция моб.др.;30;69;15;12,71
267;Европа;Греция премиум;30;213114, 692354;200;169,49
268;СНГ;Грузия;995;;31;26,27
269;СНГ;Грузия Magti сеть;995;790, 90;31;26,27
270;СНГ;Грузия Silk сеть;995;791;31;26,27
275;СНГ;Грузия моб.др.;995;5;31;26,27
276;СНГ;Грузия премиум;995;900001, 902001, 903001;200;169,49
277;СНГ;Грузия специальные сервисы;995;72, 76;31;26,27
278;СНГ;Грузия Тбилиси;995;32;31;26,27
279;Прочие;Гуам;1;671;6;5,08
280;Европа;Дания;45;;5;4,24
281;Европа;Дания ИСС;45;801;5;4,24
282;Европа;Дания моб.Hi3G;45;2597, 31, 426, 4271, 4272, 4273, 4274, 4283, 4291, 4292, 4294, 4295, 5211, 5212, 535, 536, 537, 538, 605, 939;5;4,24
283;Европа;Дания моб.TDC;45;20, 21, 23, 24, 2595, 2596, 2598, 29, 30, 40, 4275, 5060, 5061, 51, 5220, 5230, 5240, 5250, 5254, 5256, 5257, 5258, 61, 713, 714, 715, 716, 7170, 7172, 7177, 718, 8140, 8141, 8142, 8143, 8144, 8145, 8161, 8171, 8172, 8173, 8174, 8175, 8177, 8188, 911, 9122, 9123, 9124, 9125, 914, 9152, 9153, 9154, 9155, 9156, 916, 917, 9189, 921, 9221, 9222, 9240, 9241, 9242, 9243, 9244, 9299;5;4,24
284;Европа;Дания моб.Telenor;45;206, 207, 208, 209, 22, 25, 319, 405, 406, 407, 408, 409, 41, 424, 425, 4260, 4270, 4280, 4281, 4284, 4285, 4287, 4288, 4289, 4293, 50, 5210, 5222, 5225, 5233, 5242, 5244, 525, 526, 527, 528, 529, 531, 5333, 539, 6050, 606, 607, 608, 609, 618, 619, 711, 712, 7171, 7173, 7174, 7175, 7176, 7178, 7179, 7190, 7191, 7192, 7193, 7194, 7195, 7199, 811, 812, 813, 815, 8160, 8162, 8163, 8164, 8165, 8166, 8167, 8168, 8169, 8170, 8176, 8178, 8179, 8180, 8181, 8182, 8183, 8184, 8185, 8186, 8187, 8189, 819, 9110, 9111, 9112, 9114, 9119, 9121, 9131, 9132, 9133, 9134, 9135, 9136, 9137, 9138, 9139, 9150, 9151, 9159, 9180, 9181, 9182, 9183, 9184, 9185, 9186, 9187, 9188, 919, 9218, 9219, 9220, 9224, 9225, 9226, 9227, 9228, 9229, 923, 9246, 9247, 9248;5;4,24
285;Европа;Дания моб.Telia;45;2395, 26, 27, 28, 371000, 420, 421, 422, 423, 4276, 4277, 4278, 4279, 4282, 4286, 4296, 4297, 4298, 4299, 5188, 5189, 521, 522, 523, 524, 5319, 532, 533, 534, 601, 602, 603, 604, 6146;5;4,24
286;Европа;Дания моб.др.;45;259, 31312, 318, 42, 4290, 506, 52, 5259, 53, 5398, 60, 6098, 6099, 71, 81, 91, 92, 93;5;4,24
287;Африка;Демократическая Республика Конго;243;;200;169,49
288;Африка;Демократическая Республика Конго моб.;243;8, 9;200;169,49
289;Африка;Джибути;253;;90;76,27
290;Прочие;Диего Гарсия;246;;400;338,98
291;Прочие;Доминика;1;767;70;59,32
292;Прочие;Доминика моб.;1;767225, 767235, 767245, 767265, 767275, 767276, 767277, 767285, 767295, 767315, 767316, 767317, 767420, 767421, 76761;70;59,32
293;Прочие;Доминиканская Республика;1;8,9;70;59,32
294;Африка;Египет;20;;29;24,58
295;Африка;Египет моб.Etisalat;20;11, 14, 152, 155;29;24,58
296;Африка;Египет моб.Etisalat роуминг;20;1138, 11794;29;24,58
297;Африка;Египет моб.MobiNil;20;12, 150, 17, 18;29;24,58
298;Африка;Египет моб.MobiNil роуминг;20;1220, 1509, 1837;29;24,58
299;Африка;Египет моб.Vodafone;20;151, 19;29;24,58
300;Африка;Египет моб.Vodafone роуминг;20;10, 16;29;24,58
301;Африка;Египет моб.др.;20;1;29;24,58
302;Африка;Замбия;260;;22;18,64
303;Африка;Замбия моб.;260;9;200;169,49
304;Прочие;Западное Самоа;685;;200;169,49
305;Африка;Зимбабве;263;;200;169,49
306;Африка;Зимбабве VoIP;263;86;200;169,49
307;Африка;Зимбабве моб.Econet;263;77, 78;200;169,49
308;Африка;Зимбабве моб.NetOne;263;11, 71;200;169,49
309;Африка;Зимбабве моб.Telecel;263;73;200;169,49
310;Африка;Зимбабве специальные сервисы;263;953;200;169,49
381;Азия;967;967;;35;29,66
382;Азия;Йемен моб.Hits;967;70;35;29,66
383;Азия;Йемен моб.MTN;967;73;35;29,66
384;Азия;Йемен моб.Sabafon;967;71;35;29,66
385;Азия;Йемен моб.Ymobile;967;77;35;29,66
311;Азия;Израиль;972;;8;6,78
312;Азия;Израиль ИСС;972;13764;8;6,78
313;Азия;Израиль моб.;972;151, 153, 5, 6;8;6,78
314;Азия;Израиль Палестинская национальная автономия;972;22, 42, 82, 92;45;38,14
315;Азия;Израиль Палестинская национальная автономия моб.;972;56, 59;45;38,14
316;Азия;Индия;91;;5;4,24
317;Азия;Индия Андра Прадеш;91;86, 87, 88, 89;5;4,24
318;Азия;Индия Ахмедабад;91;79;5;4,24
319;Азия;Индия Бангалор;91;80;5;4,24
320;Азия;Индия Карнатка;91;81, 82, 830, 831, 833, 835, 836, 837, 838, 839, 8419, 842, 844, 847, 848, 853;5;4,24
321;Азия;Индия моб. BSNL;91;7376, 7380, 7382, 7579, 7587, 7588, 7589, 7597, 7598, 7599, 7839, 8004, 80050, 80051, 80052, 80053, 80054, 8275, 8277, 8278, 8279, 8280, 8281, 8300, 83309, 83310, 83318, 83319, 83320, 83328, 83329, 83330, 83338, 83339, 8480, 8500, 8544, 8547, 8580, 8762, 8763, 8764, 8765, 8887, 8895, 8900, 8901, 8902, 8903, 8985, 8986, 8987, 8988, 8989, 918, 9190, 9191, 9192, 9193, 9194, 9195, 9196, 9197, 94, 9530, 9531, 9532, 9682, 9683, 9684;5;4,24
322;Азия;Индия моб. др.;91;7, 8, 9;5;4,24
323;Азия;Индонезия;62;;14;11,86
324;Азия;Индонезия Джакарта;62;21;14;11,86
325;Азия;Индонезия моб.Exelcom;62;817, 818, 819, 859, 877, 878;14;11,86
326;Азия;Индонезия моб.Indosat;62;814, 815, 816, 855, 856, 857, 858;14;11,86
327;Азия;Индонезия моб.Satellite;62;868;14;11,86
328;Азия;Индонезия моб.Telkomsel;62;811, 812, 813, 852, 853;14;11,86
329;Азия;Индонезия моб.др.;62;8;14;11,86
330;Азия;Иордания;962;;22;18,64
331;Азия;Иордания моб.;962;7;45;38,14
332;Азия;Ирак;964;;60;50,85
333;Азия;Ирак Багдад;964;1;60;50,85
334;Азия;Ирак города;964;62, 66;60;50,85
335;Азия;Ирак моб.;964;7;60;50,85
336;Азия;Ирак моб.Asia;964;77;60;50,85
337;Азия;Ирак моб.Korek;964;75;60;50,85
338;Азия;Ирак моб.Zain;964;78, 79;60;50,85
339;Азия;Ирак специальные сервисы;964;821, 822;60;50,85
340;Азия;Иран;98;;35;29,66
341;Азия;Иран моб.;98;9;35;29,66
342;Азия;Иран Тегеран;98;21;35;29,66
343;Европа;Ирландия;353;;5;4,24
344;Европа;Ирландия VoIP доступ;353;76;24;20,34
345;Европа;Ирландия моб.Hi3G;353;83;10;8,47
346;Европа;Ирландия моб.Meteor;353;85;10;8,47
347;Европа;Ирландия моб.Meteor роуминг;353;857;10;8,47
348;Европа;Ирландия моб.Vodafone;353;82, 87;10;8,47
349;Европа;Ирландия моб.Vodafone роуминг;353;872;10;8,47
350;Европа;Ирландия моб.др.;353;8;10;8,47
351;Европа;Ирландия моб.О2;353;86;10;8,47
352;Европа;Ирландия персональные номера;353;700;35;29,66
353;Европа;Ирландия универсальный доступ;353;818;35;29,66
354;Европа;Исландия;354;;6;5,08
355;Европа;Исландия моб.Siminn;354;385, 631, 632, 637, 826, 827, 828, 829, 83, 84, 85, 86, 87, 88, 89;6;5,08
356;Европа;Исландия моб.Vodafone;354;615, 616, 617, 618, 62, 649, 659, 66, 67, 68, 69, 75, 820, 821, 822, 823, 824, 825;6;5,08
357;Европа;Исландия моб.Zero Nine;354;380, 655;6;5,08
358;Европа;Исландия моб.др.;354;388, 389, 6, 77, 780, 781, 782, 783;6;5,08
359;Европа;Испания;34;;5;4,24
360;Европа;Испания моб.Amena;34;590656, 605, 615, 625, 632, 635, 640, 644, 645, 651, 652, 653, 654, 655, 657, 658, 665, 675, 685, 6880, 6882, 691, 692, 693, 695, 6982, 6983, 6984, 6985, 6986, 6987, 6988;5;4,24
361;Европа;Испания моб.Amena роуминг;34;656;5;4,24
362;Европа;Испания моб.Telefonica (Movistar);34;590100, 601, 6021, 6022, 6023, 606, 608, 616, 618, 620, 626, 628, 636, 638, 6422, 6427, 6428, 6429, 646, 648, 649, 650, 659, 660, 6686, 6688, 669, 676, 679, 680, 681, 682, 6840, 6841, 686, 689, 696, 699;5;4,24
363;Европа;Испания моб.Telefonica (Movistar) роуминг;34;609, 619, 629, 630, 639, 690;5;4,24
364;Европа;Испания моб.Vodafone;34;590600, 600, 6111, 6116, 617, 627, 634, 637, 647, 661, 662, 663, 664, 666, 667, 670, 671, 672, 673, 674, 677, 678, 6846, 687, 6886, 6888, 6981;5;4,24
365;Европа;Испания моб.Vodafone роуминг;34;607, 610, 697;5;4,24
366;Европа;Испания моб.Xfera;34;622, 633;5;4,24
367;Европа;Испания моб.Xfera роуминг;34;6220;5;4,24
368;Европа;Испания моб.др.;34;590622, 6, 7;5;4,24
369;Европа;Испания специальные сервисы;34;51, 70, 80, 90;35;29,66
370;Европа;Италия;39;;5;4,24
371;Европа;Италия моб.Hi3G;39;373, 39;28;23,73
372;Европа;Италия моб.Hi3G роуминг;39;3910;28;23,73
373;Европа;Италия моб.Intermatica;39;319;28;23,73
374;Европа;Италия моб.Omnitel (Vodafone);39;34, 377, 383;28;23,73
375;Европа;Италия моб.Omnitel (Vodafone) роуминг;39;349;28;23,73
376;Европа;Италия моб.TIM;39;33, 36, 370;28;23,73
377;Европа;Италия моб.TIM роуминг;39;3358;28;23,73
378;Европа;Италия моб.Wind;39;32, 38;28;23,73
379;Европа;Италия моб.Wind роуминг;39;3205;28;23,73
380;Европа;Италия моб.др.;39;3;28;23,73
386;Африка;Кабо-Верде;238;;80;67,80
387;Африка;Кабо-Верде моб.;238;59, 9;80;67,80
388;СНГ;Казахстан;7;71, 72;5;4,24
389;СНГ;Казахстан Актау;7;7292;5;4,24
390;СНГ;Казахстан Актюбинск;7;7132;5;4,24
391;СНГ;Казахстан Алматы;7;7272, 7273, 7279;5;4,24
392;СНГ;Казахстан альтернативные сети;7;760, 761;13;11,02
393;СНГ;Казахстан Астана;7;7172;5;4,24
394;СНГ;Казахстан Атырау;7;71222;5;4,24
395;СНГ;Казахстан Караганда;7;7212;5;4,24
396;СНГ;Казахстан Костанай;7;71430;5;4,24
397;СНГ;Казахстан Кызылорда;7;7242;5;4,24
398;СНГ;Казахстан моб.Altel;7;700, 708;14;11,86
400;СНГ;Казахстан моб.K'Cell;7;701, 702, 775, 778;26;22,03
401;СНГ;Казахстан моб.K'Cell роуминг;7;7010;26;22,03
399;СНГ;Казахстан моб.KarTel;7;705, 771, 776, 777;31;26,27
402;СНГ;Казахстан моб.Telecom Service;7;707, 747;14;11,86
403;СНГ;Казахстан Павлодар;7;7182;5;4,24
404;СНГ;Казахстан Петропавловск;7;7152;5;4,24
405;СНГ;Казахстан премиум;7;7800050, 7809001, 7809050, 785, 788, 7905, 7908;200;169,49
406;СНГ;Казахстан специальные сервисы;7;762, 763, 764;200;169,49
407;СНГ;Казахстан Тараз;7;7262;5;4,24
408;СНГ;Казахстан Уральск;7;7112;5;4,24
409;СНГ;Казахстан УстьКаменогорск;7;7232;5;4,24
410;СНГ;Казахстан Шимкент;7;7252;5;4,24
411;Прочие;Каймановы о-ва;1;345;50;42,37
412;Прочие;Каймановы о-ва моб.;1;34522, 34523, 34524, 34532, 34551, 34552, 34554, 34561, 34562, 34564, 34566, 34591, 34592, 34593;50;42,37
413;Азия;Камбоджа;855;;18;15,25
414;Азия;Камбоджа Metfone сеть;855;236, 246, 256, 266, 326, 336, 346, 356, 366, 426, 436, 446, 526, 536, 546, 556, 626, 636, 646, 656, 726, 736, 746, 756;18;15,25
415;Азия;Камбоджа моб.;855;1, 39, 6, 7, 8, 9;18;15,25
416;Азия;Камбоджа моб.Metfone;855;31, 60, 66, 67, 68, 71, 88, 90, 97;18;15,25
417;Азия;Камбоджа моб.Mobitel;855;11, 12, 14, 17, 61, 76, 77, 78, 85, 89, 92, 95, 99;18;15,25
418;Азия;Камбоджа моб.Smart;855;10, 15, 16, 69, 70, 81, 86, 87, 93, 96, 98;18;15,25
419;Африка;Камерун;237;;31;26,27
420;Африка;Камерун моб.MTN;237;50, 51, 52, 53, 54, 650, 651, 652, 653, 654, 67, 7;100;84,75
421;Африка;Камерун моб.Orange;237;55, 56, 655, 656, 69, 9;100;84,75
422;Африка;Камерун моб.др.;237;6;100;84,75
423;Африка;Камерун специальные сервисы;237;68, 8;100;84,75
424;Прочие;Канада;1;204, 226, 236, 249, 250, 289, 306, 343, 365, 403, 416, 418, 431, 437, 438, 450, 506, 514, 519, 548, 579, 581, 587, 600, 604, 613, 639, 647, 705, 709, 778, 780, 782, 807, 819, 825, 873, 902, 905;5;4,24
425;Прочие;Канада ИСС;1;086;5;4,24
426;Прочие;Канада Северо-Западные территории;1;867;35;29,66
427;Азия;Катар;974;;45;38,14
428;Азия;Катар моб.;974;3, 5, 6, 7;45;38,14
429;Африка;Кения;254;;50;42,37
430;Африка;Кения моб.Celtel;254;73;50;42,37
431;Африка;Кения моб.Econet;254;75;50;42,37
432;Африка;Кения моб.Orange;254;77;50;42,37
433;Африка;Кения моб.Safaricom;254;71, 72;50;42,37
434;Африка;Кения моб.др.;254;7;50;42,37
435;Африка;Кения специальные сервисы;254;04;50;42,37
436;Европа;Кипр;357;;5;4,24
437;Европа;Кипр моб.MTN;357;121, 96;7;5,93
438;Европа;Кипр моб.Primetel;357;12295, 95;11;9,32
439;Европа;Кипр моб.Vodafone;357;1239, 97, 99;9;7,63
440;Европа;Кипр моб.др.;357;122, 123, 9;12;10,17
441;Европа;Кипр премиум;357;80055, 90085, 90095;5;4,24
442;Европа;Кипр специальные сервисы;357;700, 77;45;38,14
443;Прочие;Кирибати;686;;250;211,86
444;Азия;Китай;86;;5;4,24
445;Азия;Китай toll free;86;4008, 4009;5;4,24
446;Азия;Китай моб.;86;134, 135, 136, 137, 138, 139, 147, 150, 151, 152, 157, 158, 159, 178, 182, 183, 184, 187, 188;5;4,24
447;Азия;Китай моб.China Telecom;86;133, 153, 173, 177, 180, 181, 189;5;4,24
448;Азия;Китай моб.Unicom;86;130, 131, 132, 145, 155, 156, 176, 185, 186;5;4,24
449;Азия;Китай моб.роуминг;86;13000, 13090, 13200, 13254, 1344, 1374, 13900, 15644, 1574;5;4,24
450;Прочие;Колумбия;57;;13;11,02
451;Прочие;Колумбия моб.;57;3;20;16,95
452;Прочие;Колумбия моб.Comcel;57;310, 311, 312, 313, 314, 320, 321;13;11,02
453;Прочие;Колумбия моб.Movistar;57;315, 316, 317, 318;13;11,02
454;Прочие;Колумбия моб.Ola;57;300, 301, 304;13;11,02
455;Прочие;Коморские и Майотт о-ва;269;;100;84,75
456;Африка;Конго;242;;200;169,49
457;Африка;Конго моб.Azur;242;01;200;169,49
458;Африка;Конго моб.Celtel;242;05, 5, 7;200;169,49
459;Африка;Конго моб.MTN;242;06, 6, 9;200;169,49
460;Африка;Конго моб.Warid;242;04, 4;200;169,49
461;Азия;Корея Северная;850;;200;169,49
462;Азия;Корея Южная;82;;5;4,24
463;Азия;Корея Южная моб.;82;01, 1;5;4,24
464;Прочие;Коста-Рика;506;;6;5,08
465;Прочие;Коста-Рика моб.;506;5, 6, 7, 8;20;16,95
466;Прочие;Кот-д-Ивуар;225;;100;84,75
467;Прочие;Кот-д-Ивуар моб.A-Cell;225;01, 02, 03, 40, 41, 42;100;84,75
468;Прочие;Кот-д-Ивуар моб.Aircomm;225;69;100;84,75
469;Прочие;Кот-д-Ивуар моб.Comium;225;65, 66, 67;100;84,75
470;Прочие;Кот-д-Ивуар моб.MTN;225;04, 05, 06, 44, 45, 46, 54, 55, 56;100;84,75
471;Прочие;Кот-д-Ивуар моб.Orange;225;07, 08, 09, 47, 48, 49, 57, 58, 59, 77;100;84,75
472;Прочие;Кот-д-Ивуар моб.Oricel;225;60, 61;100;84,75
473;Прочие;Кот-д-Ивуар моб.Warid;225;50;100;84,75
474;Прочие;Кот-д-Ивуар специальные сервисы;225;2170, 90409;100;84,75
475;Прочие;Куба;53;;200;169,49
476;Прочие;Куба моб.;53;5;200;169,49
477;Азия;Кувейт;965;;21;17,80
478;Азия;Кувейт моб.;965;4, 5, 6, 7, 9;21;17,80
479;Прочие;Кука о-ва;682;;250;211,86
480;СНГ;Кыргызстан;996;;35;29,66
481;СНГ;Кыргызстан Elcat сеть;996;312976;35;29,66
482;СНГ;Кыргызстан Katel сеть;996;3127;35;29,66
483;СНГ;Кыргызстан Megaline сеть;996;312975, 312979;35;29,66
484;СНГ;Кыргызстан Nur Telecom сеть;996;312973;35;29,66
485;СНГ;Кыргызстан Sapatcoma сеть;996;56687, 800;35;29,66
486;СНГ;Кыргызстан Sky mobile сеть;996;31258;35;29,66
487;СНГ;Кыргызстан Totel сеть;996;312970;35;29,66
488;СНГ;Кыргызстан Transfer group сеть;996;312972;35;29,66
489;СНГ;Кыргызстан TynSyn сеть;996;31299;35;29,66
490;СНГ;Кыргызстан Winline сеть;996;31247, 31269, 31287, 31289, 31293;35;29,66
491;СНГ;Кыргызстан Бишкек;996;312;35;29,66
492;СНГ;Кыргызстан моб.Aktel;996;200, 201, 202, 203, 205, 54;35;29,66
493;СНГ;Кыргызстан моб.Asia Info;996;6232;35;29,66
494;СНГ;Кыргызстан моб.Elcat;996;622;35;29,66
495;СНГ;Кыргызстан моб.Megacom;996;55;35;29,66
496;СНГ;Кыргызстан моб.Megacom роуминг;996;555;35;29,66
497;СНГ;Кыргызстан моб.Nur Telecom;996;70;35;29,66
498;СНГ;Кыргызстан моб.Sky Mobile;996;77;35;29,66
499;СНГ;Кыргызстан моб.Winline;996;56550, 56647, 56669, 56688, 56689, 5669;35;29,66
500;СНГ;Кыргызстан моб.др.;996;5;35;29,66
501;СНГ;Кыргызстан премиум;996;609255;200;169,49
502;Азия;Лаос;856;;22;18,64
503;Европа;Латвия;371;;13;11,02
504;Европа;Латвия моб.Balticom;371;2794;14;11,86
505;Европа;Латвия моб.Bite;371;206, 207, 2205, 2206, 2207, 2208, 2209, 221, 2239, 225, 2280, 2281, 2282, 2283, 2284, 251, 2550, 2551, 2552, 2553, 2554, 2555, 2585, 2586, 2587, 2588, 2720, 2721, 2728, 2729, 273, 274, 275, 2760, 2761, 2762, 2763, 2764, 2765, 2766, 2767, 2770, 2771, 2772, 2773, 2774, 2775, 2776, 2778, 2779, 2790, 2792, 2793, 2796, 2798, 2799;8;6,78
506;Европа;Латвия моб.Camel;371;21, 222;80;67,80
507;Европа;Латвия моб.CSC;371;2018, 2840;90;76,27
508;Европа;Латвия моб.ECO Solutions;371;2278, 2279, 2769, 2791, 8060, 8104, 9040;200;169,49
509;Европа;Латвия моб.IMX;371;2095, 2097, 2408, 2409, 2808, 2809, 2908, 2909;200;169,49
510;Европа;Латвия моб.LMT;371;202, 2200, 2201, 2202, 2203, 2204, 224, 254, 2556, 2557, 2558, 2559, 256, 257, 261, 262, 263, 264, 265, 266, 278, 283, 2849, 286, 287, 291, 292, 293, 294;8;6,78
511;Европа;Латвия моб.Master Telecom;371;2266, 2277, 2288, 2299, 2444, 2777;45;38,14
512;Европа;Латвия моб.Rigatta;371;2010;100;84,75
513;Европа;Латвия моб.Telefant;371;2400, 2500, 2900;200;169,49
514;Европа;Латвия моб.Telegrupa Baltija;371;2722, 2723, 2724, 2725, 2726;90;76,27
515;Европа;Латвия моб.Telekom Baltija;371;2094, 2580, 2581, 2582, 2583, 2584, 2589;5;4,24
516;Европа;Латвия моб.Tivi;371;2727;35;29,66
517;Европа;Латвия моб.Travel;371;2401, 2402, 2403, 2404, 2405, 2406, 2407, 2430, 2431, 2434, 2435, 2436, 2437, 2438, 2439;80;67,80
518;Европа;Латвия моб.VoIPal;371;2795;200;169,49
519;Европа;Латвия моб.др.;371;6200, 6303, 6309, 6311, 6313, 6321, 6328, 6331, 6339, 6341, 6347, 6350, 6358, 6361, 6365, 6371, 6377, 6379, 6381, 6389, 6391, 6399, 6401, 6409, 6411, 6418, 6421, 6429, 6431, 6433, 6437, 6439, 6441, 6442, 6446, 6451, 6458, 6461, 6467, 6468, 6471, 6479, 6481, 6488, 6490, 6501, 6509, 6511, 6518, 6521, 6528, 6531, 6539, 6541, 6548, 6550, 6558, 6561, 6563, 6567, 6569, 6571, 6577, 6579, 6580, 6581, 6588, 6838, 6840, 6860, 6861, 6868;15;12,71
520;Европа;Латвия моб.Теле 2;371;200, 203, 204, 205, 2230, 2231, 2232, 2233, 2234, 2235, 2236, 2237, 2238, 248, 252, 253, 259, 260, 267, 268, 269, 270, 271, 281, 282, 2844, 2845, 2846, 2847, 2848, 288, 289, 295, 296, 297, 298, 299;5;4,24
521;Европа;Латвия премиум;371;7872, 8110, 90208, 90215;200;169,49
522;Европа;Латвия премиум2;371;2096, 2285, 2375, 2414, 2448, 2502, 2797, 2802, 2904, 62208, 63067, 63517, 64698, 64922, 65525, 65838, 66272, 67858, 68255, 78521, 78565, 78822, 78905, 78988, 80021, 810305, 810306, 810307, 810308, 810309, 81031, 810320, 810321, 810322, 810323, 810324, 810346, 810347, 810348, 810349, 81035, 81092, 81110, 81615, 90308, 90309;200;169,49
523;Европа;Латвия премиум3;371;68488, 68700;200;169,49
524;Европа;Латвия Рига;371;66, 67;5;4,24
525;Европа;Латвия специальные сервисы;371;2, 65153, 65158, 65159, 6806, 68501, 68502, 68504, 68509, 68510, 68516, 68519, 6852, 68535, 6858, 6859, 68904, 68905, 68906, 68907, 68908, 6891, 7, 8, 9;200;169,49
526;Европа;Латвия фикс. др.;371;660, 661, 662, 6666, 6677, 6688, 6689, 66999, 6715, 6716, 6719, 6723, 6748, 6749, 6763, 6764, 6765, 67660, 67661, 67662, 67663, 67664, 67665, 67666, 67669, 6769, 6771, 6772, 6778, 6779, 6785, 6787, 6788, 6889;16;13,56
527;Африка;Лесото;266;;100;84,75
528;Африка;Лесото моб.;266;5, 6;100;84,75
529;Африка;Либерия;231;;200;169,49
530;Африка;Либерия моб.Cellcom;231;7;200;169,49
531;Африка;Либерия моб.Comium;231;5;200;169,49
532;Африка;Либерия моб.Libercell;231;4;200;169,49
533;Африка;Либерия моб.LoneStar;231;6;200;169,49
534;Африка;Либерия специальные;231;90;200;169,49
535;Африка;Ливан;961;;45;38,14
536;Африка;Ливан моб.;961;3, 70, 71, 76, 783, 788, 789, 79;45;38,14
537;Африка;Ливия;218;;90;76,27
538;Африка;Ливия моб.;218;91, 92, 94, 95, 96;90;76,27
539;Африка;Ливия моб.Al Hurra;218;99;90;76,27
540;Европа;Литва;370;;31;26,27
541;Европа;Литва альтернативные сети;370;66103, 66535, 66727, 66740, 66815, 66816, 66878, 66912, 69119, 69120, 69123, 69750, 69796, 69797;200;169,49
542;Европа;Литва внегеографические;370;700, 706;35;29,66
543;Европа;Литва моб.Bite;370;63, 640, 641, 642, 643, 644, 649, 65, 660, 661, 666, 669, 681, 685, 689, 690, 6913, 6914, 6915, 6916, 6917, 6918, 6919, 69742, 69743, 699;90;76,27
544;Европа;Литва моб.Omnitel;370;61, 62, 662, 663, 66478, 66479, 66480, 66481, 66482, 66483, 66484, 66485, 66486, 66487, 680, 682, 686, 687, 688, 692, 693, 694, 695, 696, 697, 698;90;76,27
545;Европа;Литва моб.Tele2;370;60, 645, 646, 647, 648, 6686, 67, 683, 684;90;76,27
546;Европа;Литва моб.Vortumo;370;66301, 66302, 66303, 66304, 66305, 66306, 66307, 66308, 66309, 66310, 66401, 66402, 66403, 66404, 66405, 66406, 66407, 66408, 66409, 66410, 66412, 66413, 66414, 66415, 66416, 66417, 66418, 66419, 66420, 66421, 66423, 66424, 66425, 66426, 66427, 66428, 66429, 66430, 66431, 66432, 66434, 66435, 66436, 66437, 66438, 66439, 66440, 66441, 66442, 66443, 66456, 66457, 66458, 66459, 66460, 66461, 66462, 66463, 66464, 66465, 66467, 66468, 66469, 66470, 66471, 66472, 66473, 66474, 66475, 66476;90;76,27
547;Европа;Литва моб.др.;370;6;90;76,27
548;Европа;Литва премиум;370;7051;200;169,49
549;Европа;Литва премиум2;370;70500, 70501, 70502, 70530, 70531, 70532, 70534, 70535, 70538, 70539, 70540, 70547, 70571, 70572, 70573, 70574, 70581, 70582, 70588, 70589, 70590, 70591, 705939, 705940, 705941, 70710, 70712, 70749, 80801, 80802, 80855, 90003, 90201, 90204, 90266, 90308, 90903, 90909, 910;200;169,49
550;Европа;Литва премиум3;370;31331, 31335, 34379, 37250, 37251, 37252, 37254, 37255, 37368, 37369, 37783, 38921, 38929, 41202, 41721, 41751, 42521, 42522, 45485, 45540, 46364, 46450, 46467, 52082, 52090, 521939, 521940, 521941, 52528, 52529, 52530, 52654;200;169,49
551;Европа;Литва премиум4;370;80206;400;338,98
552;Европа;Литва специальные сервисы;370;7, 8, 9;200;169,49
553;Европа;Литва фикс.др.;370;3725, 37364, 52521, 52533, 66400, 66450, 66810, 66819;200;169,49
554;Европа;Лихтенштейн;423;;19;16,10
555;Европа;Лихтенштейн моб.;423;6;50;42,37
556;Европа;Лихтенштейн моб.сервисы;423;69, 7;200;169,49
557;Европа;Лихтенштейн специальные сервисы;423;8, 9;200;169,49
558;Европа;Люксембург;352;;6;5,08
559;Европа;Люксембург моб.LUXGSM;352;621, 628;6;5,08
560;Европа;Люксембург моб.TANGO;352;691, 698;6;5,08
561;Европа;Люксембург моб.VOX;352;661, 668;6;5,08
562;Европа;Люксембург моб.др.;352;6;6;5,08
563;Африка;Маврикий;230;;26;22,03
564;Африка;Мавритания;222;;200;169,49
565;Африка;Мадагаскар;261;;200;169,49
566;Африка;Мадагаскар моб.;261;30, 31, 32, 33, 34;200;169,49
567;Африка;Мадагаскар моб.Gulfsat;261;2002, 22;200;169,49
568;Африка;Мадагаскар специальные сервисы;261;200;200;169,49
569;Африка;Макао;853;;21;17,80
570;Европа;Македония;389;;35;29,66
571;Европа;Македония моб.Cosmofon;389;75, 76;100;84,75
572;Европа;Македония моб.MVNO;389;732;100;84,75
573;Европа;Македония моб.T-Mobile;389;70, 71, 72;100;84,75
574;Европа;Македония моб.VIP Operator;389;77, 78;100;84,75
575;Европа;Македония моб.др.;389;7;100;84,75
576;Европа;Македония специальные сервисы;389;82;200;169,49
577;Африка;Малави;265;;100;84,75
578;Африка;Малави моб.TNM;265;88;100;84,75
579;Африка;Малави моб.Zain;265;99;100;84,75
580;Азия;Малайзия;60;;5;4,24
581;Азия;Малайзия моб.;60;1;5;4,24
582;Африка;Мали;223;;90;76,27
583;Африка;Мали Orange сеть;223;2001, 442, 443, 449;90;76,27
584;Африка;Мали Бамако;223;20;90;76,27
585;Африка;Мали моб.Orange;223;7, 82, 83, 90, 91, 92, 93, 94;90;76,27
586;Африка;Мали моб.Sotelma;223;6, 95, 96, 97, 98, 99;90;76,27
587;Азия;Мальдивы;960;;250;211,86
588;Азия;Мальдивы моб.Dhiraagu;960;7;250;211,86
589;Азия;Мальдивы моб.Wataniya;960;9;250;211,86
590;Европа;Мальта;356;;5;4,24
591;Европа;Мальта моб.;356;7, 9;5;4,24
592;Африка;Марокко;212;;5;4,24
593;Африка;Марокко Wana Wireless Local Loop;212;526, 527, 529, 533, 534, 538, 540, 546, 547, 550, 553;80;67,80
594;Африка;Марокко моб.GlobalStar;212;892;5;4,24
595;Африка;Марокко моб.Meditel;212;612, 614, 617, 619, 644, 645, 649, 656, 660, 663, 664, 665, 669, 674, 675, 679;90;76,27
596;Африка;Марокко моб.Wana;212;600, 633, 640, 646, 647, 699;90;76,27
597;Африка;Марокко моб.др.;212;6;100;84,75
598;Африка;Марокко фикс.Meditel;212;520, 521, 525, 530, 531, 532;35;29,66
599;Прочие;Мартиника;596;;5;4,24
600;Прочие;Мартиника моб.;596;696;11;9,32
601;Прочие;Маршалловы о-ва;692;;70;59,32
602;Прочие;Мексика;52;;5;4,24
603;Прочие;Мексика моб.;52;1;6;5,08
604;Прочие;Микронезия;691;;200;169,49
605;Африка;Мозамбик;258;;70;59,32
606;Африка;Мозамбик моб.Mcel;258;82;70;59,32
607;Африка;Мозамбик моб.Movitel;258;86, 87;70;59,32
608;Африка;Мозамбик моб.Vodacom;258;84;70;59,32
609;Европа;Молдова;373;;70;59,32
610;Европа;Молдова HCD;373;22219;70;59,32
611;Европа;Молдова PRS;373;90002, 90003, 90004, 90015, 90016, 90078, 90500, 90511, 90512, 90616;70;59,32
612;Европа;Молдова внегеографические;373;30, 38;70;59,32
613;Европа;Молдова моб.Eventis;373;650;70;59,32
614;Европа;Молдова моб.Moldcell;373;76, 78, 79;70;59,32
615;Европа;Молдова моб.Moldcell роуминг;373;7949;70;59,32
616;Европа;Молдова моб.Moldtelecom;373;671, 672, 673, 674, 675, 676;70;59,32
617;Европа;Молдова моб.Orange Moldova;373;60, 610, 611, 621, 68, 69;70;59,32
618;Европа;Молдова моб.Orange Moldova роуминг;373;680, 691, 697;70;59,32
619;Европа;Молдова моб.др.;373;6, 7;70;59,32
620;Европа;Молдова моб.Приднестровье;373;77;70;59,32
621;Европа;Молдова моб.Приднестровье роуминг;373;77410;70;59,32
622;Европа;Молдова Приднестровье;373;21, 53, 55, 56;70;59,32
623;Европа;Молдова фикс.;373;22, 23, 24, 25, 26, 27, 29;70;59,32
624;Европа;Монако;377;;70;59,32
625;Европа;Монако моб.KFOR;377;44, 45, 47;100;84,75
626;Европа;Монако моб.др.;377;4, 6;100;84,75
627;Азия;Монголия;976;;5;4,24
628;Азия;Монголия моб.;976;50, 55, 88, 91, 92, 95, 96, 98, 99;5;4,24
629;Прочие;Монтсеррат;1;664;70;59,32
630;Азия;Мьянма;95;;80;67,80
631;СНГ;Нагорный Карабах;374;47;26;22,03
632;СНГ;Нагорный Карабах моб.;374;97;35;29,66
633;Африка;Намибия;264;;19;16,10
634;Африка;Намибия моб.;264;81, 85;19;16,10
635;Прочие;Науру;674;;250;211,86
636;Азия;Непал;977;;30;25,42
637;Азия;Непал Катманду;977;12, 14, 15, 16;30;25,42
638;Азия;Непал моб.;977;960, 963, 972, 974, 975, 98;31;26,27
639;Азия;Непал моб. Smart;977;961, 962, 990;31;26,27
640;Азия;Непал моб. Spice;977;980, 981;31;26,27
641;Африка;Нигер;227;;100;84,75
642;Африка;Нигер моб.;227;9;100;84,75
643;Африка;Нигер моб.Celtel;227;89;100;84,75
644;Африка;Нигер моб.Orange;227;23, 80, 90, 91, 92;100;84,75
645;Африка;Нигер специальные сервисы;227;1, 201, 2039, 39;200;169,49
646;Африка;Нигерия;234;;8;6,78
647;Африка;Нигерия моб.;234;70, 80, 819;8;6,78
648;Африка;Нигерия моб.Celtel;234;708, 802, 808, 812;8;6,78
649;Африка;Нигерия моб.Etisalat;234;809, 817, 818, 908, 909;8;6,78
650;Африка;Нигерия моб.Globacom;234;705, 805, 807;8;6,78
651;Африка;Нигерия моб.Mtel;234;804;8;6,78
652;Африка;Нигерия моб.MTN;234;703, 706, 803, 806, 810, 813, 816;8;6,78
653;Африка;Нигерия моб.Nitel;234;7021, 7022, 90;8;6,78
654;Европа;Нидерланды;31;;5;4,24
655;Европа;Нидерланды моб.KPN;31;610, 612, 613, 620, 622, 623, 630, 651, 657, 665, 682, 683;9;7,63
656;Европа;Нидерланды моб.KPN роуминг;31;653;9;7,63
659;Европа;Нидерланды моб.O2 (Telefort);31;617, 619, 633, 644, 645, 647, 649;9;7,63
660;Европа;Нидерланды моб.O2 (Telefort) роуминг;31;616, 626;9;7,63
657;Европа;Нидерланды моб.Orange;31;618, 638, 639, 648;9;7,63
658;Европа;Нидерланды моб.Orange роуминг;31;628;9;7,63
662;Европа;Нидерланды моб.T-Mobile;31;614, 634, 641, 642, 643, 681;9;7,63
663;Европа;Нидерланды моб.T-Mobile роуминг;31;624;9;7,63
661;Европа;Нидерланды моб.Tele 2;31;636, 640;9;7,63
664;Европа;Нидерланды моб.Vodafone;31;611, 615, 621, 625, 627, 629, 631, 637, 646, 650, 652, 655, 680;9;7,63
665;Европа;Нидерланды моб.Vodafone роуминг;31;654;9;7,63
666;Европа;Нидерланды моб.др.;31;6;9;7,63
667;Европа;Нидерланды пейджинг;31;660;9;7,63
668;Европа;Нидерланды специальные сервисы;31;670, 671, 672, 673, 674, 675, 6760, 677, 678, 679, 84, 85, 87, 900, 906, 909;200;169,49
669;Прочие;Никарагуа;505;;70;59,32
670;Прочие;Никарагуа моб.;505;5, 75, 76, 77, 78, 8;70;59,32
671;Прочие;Никарагуа мобильные сервисы;505;8892, 8921, 8922;70;59,32
672;Прочие;Ниуэ;683;;200;169,49
673;Прочие;Новая Зеландия;64;;10;8,47
674;Прочие;Новая Зеландия моб.;64;2;10;8,47
675;Прочие;Новая Каледония;687;;35;29,66
676;Европа;Норвегия;47;;5;4,24
677;Европа;Норвегия моб.Lycamobile;47;4094, 4095, 4096, 4097, 4098, 4099, 4552, 4553, 4554, 4555, 4556, 4557, 4558, 4592, 4671, 4672, 9125, 9126, 9127, 9128, 9129, 9471, 9472, 9473, 9695, 9696, 9697, 9698, 9699;5;4,24
678;Европа;Норвегия моб.NetCom;47;4000, 4001, 4010, 4011, 4014, 402, 403, 4045, 4046, 4047, 4048, 4049, 4050, 4055, 4060, 4061, 4062, 4063, 4064, 407, 4100, 4101, 4106, 4107, 4117, 4118, 4119, 450, 451, 452, 4539, 454, 4550, 4551, 4559, 4566, 4567, 4568, 4569, 4576, 4577, 4578, 4579, 4583, 4584, 4586, 4593, 4594, 464, 4650, 4654, 4660, 4661, 4662, 4663, 4670, 4673, 4674, 4675, 4714, 4715, 4716, 4717, 4720, 4721, 4722, 4744, 4754, 4757, 4758, 4759, 4833, 4834, 4837, 4840, 4849, 4850, 4859, 4893, 580009, 5931, 5932, 598, 599, 920, 9210, 9217, 922, 9237, 924, 9257, 926, 9277, 928, 9297, 930, 9317, 932, 9337, 934, 9357, 936, 9377, 938, 9391, 9410, 9411, 9412, 942, 9442, 9443, 9447, 9448, 9449, 9664, 9692, 980, 9815, 9816, 9817, 9818, 9819, 982, 9830, 9831, 9832, 9833, 9834, 9835, 9836, 9837, 984, 9854, 986, 9876, 988, 9899, 9967, 9968;5;4,24
679;Европа;Норвегия моб.NetCom роуминг;47;9200;5;4,24
680;Европа;Норвегия моб.Network Norway;47;4590, 4621, 4622, 4623, 4624, 4625, 4626, 4627, 4634, 4635, 4636, 4637, 4638, 4639, 4678, 4679, 475, 4791, 4792, 4793, 4831, 4832, 4835, 4860, 5906, 5930, 966, 9670, 9671, 9672, 9673, 9674, 9675, 9679, 968, 9985, 9986, 9987, 9988, 9989;5;4,24
681;Европа;Норвегия моб.Tele 2;47;412, 413, 4723, 4724, 4725, 4726, 4727, 4728, 4729, 473;5;4,24
682;Европа;Норвегия моб.Telenor;47;4004, 4005, 4006, 4007, 4008, 4009, 4015, 4016, 4017, 4018, 4019, 4084, 4085, 4086, 4087, 4088, 4089, 4110, 4111, 4112, 4113, 4114, 4115, 4116, 414, 415, 416, 417, 4184, 4185, 4580, 4581, 4582, 4585, 4588, 4589, 4611, 4612, 4613, 4614, 4615, 4616, 4617, 4618, 4619, 4628, 4629, 4666, 4667, 468, 4690, 4691, 4692, 4693, 4694, 4695, 4696, 4718, 4719, 4750, 4751, 476, 4770, 4771, 4775, 4776, 4778, 478, 4790, 4798, 4799, 480, 481, 482, 4830, 4842, 580000, 5800020, 58000210, 580010, 5900, 5901, 591, 592, 595, 900, 901, 902, 9036, 9040, 9041, 9047, 905, 906, 907, 908, 909, 9100, 911, 9124, 913, 915, 916, 917, 918, 9191, 9199, 9400, 9401, 9402, 9403, 9405, 9413, 9414, 9415, 9416, 9417, 9418, 9419, 9474, 9475, 9476, 9477, 9478, 9479, 948, 9490, 9497, 9498, 950, 951, 952, 9530, 9533, 9536, 954, 9552, 9555, 957, 958, 959, 9601, 9604, 9609, 9620, 9622, 9623, 9650, 9651, 9660, 9661, 9662, 9663, 9689, 9690, 9691, 970, 971, 9740, 9741, 9742, 9743, 9746, 9747, 9748, 9749, 975, 976, 977, 9795, 9796, 9797, 9798, 9799, 9910, 9911, 9912, 9915, 9916, 992, 993, 994, 995, 999;5;4,24
683;Европа;Норвегия моб.Telenor роуминг;47;4171, 9000;5;4,24
684;Европа;Норвегия моб.др.;47;4, 58, 59, 9;5;4,24
685;Европа;Норвегия моб.специальные сервисы;47;0, 1, 810, 811, 812, 813, 814, 815, 85, 880;200;169,49
686;Прочие;Норфолк о-в;672;3;400;338,98
687;Азия;ОАЭ;971;;35;29,66
688;Азия;ОАЭ моб.;971;50, 55, 56;35;29,66
689;Азия;Оман;968;;70;59,32
690;Азия;Оман моб.;968;9;70;59,32
691;Прочие;ООН;88;8;3200;2711,86
692;Азия;Пакистан;92;;12;10,17
693;Азия;Пакистан моб.Mobilink;92;30;12;10,17
694;Азия;Пакистан моб.Pakcom;92;36;12;10,17
695;Азия;Пакистан моб.Paktel;92;31;12;10,17
696;Азия;Пакистан моб.SCO;92;35;12;10,17
697;Азия;Пакистан моб.Telenor;92;34;12;10,17
698;Азия;Пакистан моб.Ufone;92;33;12;10,17
699;Азия;Пакистан моб.Warid;92;32;12;10,17
700;Азия;Пакистан моб.др.;92;3;12;10,17
701;Прочие;Палау;680;;80;67,80
702;Азия;Палестина;970;;45;38,14
703;Азия;Палестина моб.;970;56, 59;45;38,14
704;Прочие;Панама;507;;8;6,78
705;Прочие;Панама моб.;507;6;31;26,27
706;Прочие;Папуа Новая Гвинея;675;;200;169,49
707;Прочие;Парагвай;595;;8;6,78
708;Прочие;Парагвай моб.;595;9;22;18,64
709;Прочие;Перу;51;;5;4,24
710;Прочие;Перу моб.;51;19, 419, 429, 439, 449, 519, 529, 539, 549, 569, 619, 629, 639, 649, 659, 669, 679, 729, 739, 749, 769, 829, 839, 849, 9;35;29,66
711;Прочие;Перу специальные сети;51;18, 418, 428, 438, 448, 518, 528, 538, 548, 568, 618, 628, 638, 648, 658, 668, 678, 728, 738, 748, 768, 828, 838, 848;35;29,66
712;Европа;Польша;48;;5;4,24
713;Европа;Польша Варшава;48;22;5;4,24
715;Европа;Польша Варшава специальные сервисы;48;2219888, 2219889;7;5,93
714;Европа;Польша Варшава, OLO;48;221001, 221005, 22110, 22111, 2220, 2221, 22220, 22221, 22222, 22223, 22224, 22225, 22226, 22227, 22228, 22229, 222300, 222301, 222303, 22231, 22232, 22233, 22234, 22235, 22236, 22237, 22238, 22239, 22240, 222411, 222412, 222413, 222414, 222415, 222416, 222417, 222418, 22242, 22243, 22244, 22245, 22246, 222471, 222472, 222473, 222474, 222475, 222476, 222479, 22248, 22249, 22251, 22252, 22253, 22254, 222550, 222552, 222553, 222555, 222556, 222558, 222560, 222561, 222562, 222563, 222564, 222566, 222567, 222568, 222569, 22257, 22258, 22259, 22260, 222611, 222612, 222613, 222614, 222615, 222616, 222617, 222618, 222619, 22262, 222631, 222632, 222633, 222634, 222635, 222638, 22264, 222651, 222652, 222653, 222654, 222655, 222656, 222657, 222658, 222659, 22266, 222671, 222672, 222673, 222677, 222678, 222679, 222688, 222689, 222695, 222696, 222697, 222698, 2227, 2228, 22290, 22291, 222920, 222921, 222922, 222923, 222924, 222925, 222926, 222928, 222929, 222931, 22294, 222953, 222954, 22296, 22297, 22298, 22299, 22300, 22301, 22302, 22303, 22304, 22305, 22306, 223080, 223081, 223085, 223086, 223087, 223088, 223089, 22309, 2231, 2232, 2233, 2234, 223500, 223501, 223504, 223505, 223506, 223507, 223508, 223509, 22351, 22352, 22353, 22354, 22355, 22356, 22357, 22358, 22359, 22360, 22361, 22362, 22363, 22364, 223651, 223652, 223653, 223654, 223655, 223656, 223657, 223658, 223659, 22366, 22367, 22368, 22369, 22370, 22371, 22372, 22373, 22374, 22375, 22376, 22377, 223780, 223783, 223785, 223786, 223787, 223788, 223789, 22379, 22380, 22381, 22382, 22383, 22384, 22385, 22386, 22387, 223880, 223881, 223882, 223883, 223884, 223885, 223887, 223888, 223889, 22389, 223900, 223901, 223902, 223904, 223905, 223907, 223908, 223909, 22391, 22392, 22393, 22394, 22395, 22396, 22397, 22398, 223990, 223991, 223992, 223993, 223994, 223995, 223996, 223997, 223998, 2240, 2241, 22420, 22421, 22422, 22423, 22424, 22425, 22426, 224270, 224272, 224273, 224274, 224275, 224276, 224277, 224278, 224279, 224281, 224282, 224283, 224284, 224285, 22429, 2243, 2244, 2245, 2246, 224700, 224701, 224702, 22471, 22472, 22473, 22474, 22475, 22476, 22477, 22478, 224790, 224791, 224792, 224793, 224798, 224799, 224800, 224804, 224805, 224806, 224808, 22481, 22482, 22483, 22484, 22485, 22486, 224870, 224872, 224873, 224874, 224875, 224876, 224877, 224878, 224879, 22488, 22489, 22490, 22491, 22492, 22493, 22494, 22495, 22496, 22497, 22498, 22499, 22700, 22701, 22702, 22703, 22704, 22705, 22706, 22707, 22708, 22709, 2271;5;4,24
716;Европа;Польша моб.Centernet;48;6907, 720, 7280, 7990, 8811;5;4,24
717;Европа;Польша моб.Era;48;532, 538, 539, 600, 606, 608, 660, 662, 664, 666, 668, 692, 694, 696, 698, 7272, 7273, 728, 7298, 7299, 7391, 784, 787, 788, 7951, 7952, 7953, 7954, 7955, 880, 8810, 8818, 8819, 882, 8833, 8838, 886, 888, 889, 899;5;4,24
718;Европа;Польша моб.Era роуминг;48;602, 604;5;4,24
719;Европа;Польша моб.Orange;48;50, 51, 690, 780, 786, 7890, 7891, 7892, 7893, 7894, 795, 797, 798, 7996, 7997, 7998, 7999;5;4,24
720;Европа;Польша моб.Orange роуминг;48;501;5;4,24
723;Европа;Польша моб.P4;48;530, 531, 533, 534, 535, 536, 537, 5370, 5371, 5372, 5373, 5374, 6900, 6908, 6909, 69967, 69969, 7290, 7291, 730, 731, 732, 733, 7390, 7392, 790, 791, 792, 793, 794, 7950, 7956, 7957, 7958, 7959, 796, 7991, 7992, 7993, 7994, 7995, 8812, 8813, 8814, 8815, 8816, 8817, 883, 884;5;4,24
721;Европа;Польша моб.Plus;48;603, 605, 607, 609, 661, 663, 665, 667, 669, 691, 693, 695, 697, 6995, 6997, 6998, 6999, 721, 722, 723, 724, 725, 726, 7270, 7274, 7275, 7276, 7277, 7278, 7279, 7292, 7293, 7294, 7295, 7296, 72971, 781, 782, 783, 785, 7895, 7896, 7897, 7898, 7899, 885, 887;5;4,24
722;Европа;Польша моб.Plus роуминг;48;601;5;4,24
724;Европа;Польша моб.др.;48;6666, 699, 72;5;4,24
725;Европа;Польша премиум;48;72977, 72978, 72979;200;169,49
726;Европа;Польша премиум2;48;221138, 221180, 221889, 333335, 57942, 57953, 700000, 700001, 73993, 78026;200;169,49
727;Европа;Польша специальные сервисы;48;70, 80;7;5,93
728;Европа;Португалия;351;;5;4,24
729;Европа;Португалия моб.Optimus;351;93;24;20,34
730;Европа;Португалия моб.TMN;351;96;24;20,34
731;Европа;Португалия моб.TMN и MVNO;351;92;24;20,34
732;Европа;Португалия моб.Vodafone;351;91;24;20,34
733;Европа;Португалия моб.др.;351;169, 189, 6, 9;24;20,34
734;Прочие;Пуэрто-Рико (1787);1;787;5;4,24
735;Прочие;Пуэрто-Рико (1939);1;939;5;4,24
736;Африка;Реюньон о-в;262;;18;15,25
737;Африка;Реюньон о-в моб.;262;269, 639, 692, 693;18;15,25
738;Африка;Руанда;250;;90;76,27
739;Африка;Руанда моб.;250;0, 72, 75, 78;90;76,27
740;Европа;Румыния;40;;5;4,24
741;Европа;Румыния альтернативные сети;40;3, 9;5;4,24
742;Европа;Румыния Бухарест;40;21;5;4,24
743;Европа;Румыния моб.Cosmorom;40;76;5;4,24
744;Европа;Румыния моб.DIGI;40;77;5;4,24
745;Европа;Румыния моб.Mobifon;40;72, 73;5;4,24
746;Европа;Румыния моб.Mobifon роуминг;40;722;5;4,24
747;Европа;Румыния моб.Orange;40;74, 75;5;4,24
748;Европа;Румыния моб.Orange роуминг;40;744;5;4,24
749;Европа;Румыния моб.Romtelecom Mobile;40;711;5;4,24
750;Европа;Румыния моб.Telemobil;40;78;5;4,24
751;Европа;Румыния моб.др.;40;7;5;4,24
752;Европа;Румыния премиум;40;900000, 903000, 906000;200;169,49
753;Прочие;Сальвадор;503;;50;42,37
754;Прочие;Сальвадор моб.;503;7;50;42,37
755;Европа;Сан-Марино;378;;9;7,63
756;Европа;Сан-Марино моб.;378;6;200;169,49
757;Европа;Сан-Марино премиум;378;7;250;211,86
758;Африка;Сан-Томе и Принсипи;239;;250;211,86
759;Азия;Саудовская Аравия;966;;21;17,80
760;Азия;Саудовская Аравия моб.Al Jawal;966;50, 53, 55;30;25,42
761;Азия;Саудовская Аравия моб.Bravo;966;51;30;25,42
762;Азия;Саудовская Аравия моб.Mobily;966;54, 56;30;25,42
763;Азия;Саудовская Аравия моб.Zain;966;58, 59;30;25,42
764;Азия;Саудовская Аравия моб.др.;966;5;30;25,42
765;Африка;Свазиленд;268;;12;10,17
766;Африка;Свазиленд моб.;268;6, 7;35;29,66
767;Прочие;Святой Елены о-в;290;;400;338,98
768;Прочие;Северные Марианские о-ва;1;670;9;7,63
769;Африка;Сейшельские о-ва;248;;200;169,49
770;Африка;Сейшельские о-ва моб.;248;5, 7;200;169,49
771;Африка;Сейшельские о-ва специальные сервисы;248;206, 98;200;169,49
778;Прочие;Сен-Пьер и Микелон о-в;508;;200;169,49
779;Прочие;Сен-Пьер и Микелон о-в моб.;508;55;200;169,49
772;Африка;Сенегал;221;;100;84,75
773;Африка;Сенегал Expresso сеть;221;30;100;84,75
774;Африка;Сенегал моб.Expresso;221;70;100;84,75
775;Африка;Сенегал моб.Orange;221;77, 78;90;76,27
776;Африка;Сенегал моб.TIGO;221;76;200;169,49
777;Африка;Сенегал специальные сервисы;221;76553, 766756;200;169,49
780;Прочие;Сент-Винсент и Гренадины;1;784;70;59,32
781;Прочие;Сент-Китс и Невис о-в;1;869;70;59,32
782;Прочие;Сент-Люсия о-в;1;758;70;59,32
783;Прочие;Сент-Люсия о-в моб.;1;7582, 7583, 7584, 7585, 7587;70;59,32
784;Европа;Сербия;381;;35;29,66
785;Европа;Сербия IPKO сеть;381;387;35;29,66
786;Европа;Сербия Белград;381;11;35;29,66
787;Европа;Сербия Косово;381;28, 29, 38, 39;35;29,66
788;Европа;Сербия моб.Telecom Serbia;381;64, 65, 66;90;76,27
789;Европа;Сербия моб.Telenor;381;62, 63, 69;90;76,27
790;Европа;Сербия моб.Telenor роуминг;381;630, 639;90;76,27
791;Европа;Сербия моб.TopNet;381;60, 61, 68;90;76,27
792;Европа;Сербия моб.др.;381;6;90;76,27
793;Европа;Сербия специальные сервисы;381;1051, 11410, 11411, 11412, 11413, 11414, 11415, 1241, 1341, 1451, 1561, 1661, 1739, 18310, 1921, 2061, 21310, 2281, 23051, 2361, 2421, 2531, 2621, 2721, 29310, 3081, 3161, 3241, 3331, 34210, 3579, 3621, 3721, 39310;90;76,27
794;Азия;Сингапур;65;;5;4,24
795;Прочие;Синт-Мартен;1;721;30;25,42
796;Азия;Сирия;963;;22;18,64
797;Азия;Сирия моб.;963;9;31;26,27
798;Европа;Словакия;421;;5;4,24
799;Европа;Словакия Orange сеть;421;238, 239, 3138, 3139, 3238, 3239, 3338, 3339, 3438, 3439, 3538, 3539, 3638, 3639, 3738, 3739, 3838, 3839, 4138, 4139, 4238, 4239, 4338, 4339, 4438, 4439, 4538, 4539, 4638, 4639, 4738, 4739, 4838, 4839, 5138, 5139, 5238, 5239, 5338, 5339, 5438, 5439, 5538, 5539, 5638, 5639, 5738, 5739, 5838, 5839;5;4,24
800;Европа;Словакия Short нумерация;421;18;5;4,24
801;Европа;Словакия моб.Eurotel;421;901, 902, 904, 909, 910, 911, 912, 914;18;15,25
802;Европа;Словакия моб.Eurotel роуминг;421;903;18;15,25
805;Европа;Словакия моб.O2;421;940, 944, 948, 949;18;15,25
803;Европа;Словакия моб.Orange;421;905, 906, 908, 915, 916, 917, 918, 919, 945;18;15,25
804;Европа;Словакия моб.Orange роуминг;421;907;18;15,25
806;Европа;Словакия моб.Swan;421;950;18;15,25
807;Европа;Словения;386;;8;6,78
808;Европа;Словения альтернативные сети;386;1188, 12009, 12430, 12926, 12927, 1320, 1330, 1400, 1401, 1550, 15550, 15555, 1600, 1601, 1620, 1691, 1777, 1810, 1828, 1880, 18888, 2000, 22926, 22927, 2334, 2400, 2444, 25552, 25555, 2600, 2620, 2621, 2707, 2820, 2828, 2880, 28884, 32926, 32927, 3400, 35550, 35555, 3600, 3620, 3715, 3777, 3828, 3830, 3880, 38888, 4263, 42926, 42927, 4400, 45550, 45555, 4600, 4620, 4777, 4828, 4840, 4880, 52926, 52927, 5400, 55550, 55555, 5600, 5620, 5632, 5777, 5828, 5850, 5880, 58888, 590, 591, 5920, 5921, 5922, 5923, 5924, 5925, 593, 594, 595, 596, 597, 598, 599, 6777, 72926, 72927, 7310, 7400, 75550, 75555, 7600, 7620, 7777, 7828, 7870, 7880, 815, 8160, 8161, 8162, 817, 8181, 8182, 8184, 8185, 820, 8220, 8227, 8228, 8280, 8281, 8282, 8288, 8300, 833, 8350, 838, 9804, 9805, 9806, 9808, 9809, 9810, 9812, 9813, 9815, 9816, 9818, 9819, 9820, 9824, 9826;8;6,78
809;Европа;Словения моб.IPKO;386;43, 49;100;84,75
810;Европа;Словения моб.Mobitel;386;31, 41, 51, 71, 9800, 9803, 9817;8;6,78
811;Европа;Словения моб.Mobitel роуминг;386;311, 411;8;6,78
812;Европа;Словения моб.Simobil;386;30, 40, 68, 9801;8;6,78
813;Европа;Словения моб.Simobil роуминг;386;400;8;6,78
815;Европа;Словения моб.T2-mobile;386;64, 9814;8;6,78
814;Европа;Словения моб.Tusmobil;386;70, 9802, 9807;8;6,78
816;Европа;Словения моб.др.;386;98;8;6,78
817;Европа;Словения специальные сервисы;386;8189;200;169,49
818;Прочие;Соломоновы о-ва;677;;250;211,86
819;Африка;Сомали;252;;200;169,49
820;Спутники;Спутниковая сеть Aeromobile;88;299;2000;1694,92
821;Спутники;Спутниковая сеть Cubio;88;240;2000;1694,92
822;Спутники;Спутниковая сеть DTAG;88;228;200;169,49
823;Спутники;Спутниковая сеть Ellipso;88;12, 13;2000;1694,92
824;Спутники;Спутниковая сеть Emsat;88;213;1000;847,46
825;Спутники;Спутниковая сеть Global Networks;88;234;1000;847,46
826;Спутники;Спутниковая сеть GlobalStar;88;18, 19;1000;847,46
827;Спутники;Спутниковая сеть Inmarsat;87;0;2000;1694,92
828;Спутники;Спутниковая сеть Inmarsat Aero;87;05;2000;1694,92
829;Спутники;Спутниковая сеть Inmarsat B;87;03;1000;847,46
830;Спутники;Спутниковая сеть Inmarsat B HSD;87;039;2000;1694,92
831;Спутники;Спутниковая сеть Inmarsat BGAN;87;077;1000;847,46
832;Спутники;Спутниковая сеть Inmarsat BGAN HCD;87;078;2000;1694,92
833;Спутники;Спутниковая сеть Inmarsat M;87;06;1000;847,46
835;Спутники;Спутниковая сеть Inmarsat M4 HSD;87;060;2000;1694,92
834;Спутники;Спутниковая сеть Inmarsat Mini M;87;076;400;338,98
836;Спутники;Спутниковая сеть Insat;88;241;2000;1694,92
837;Спутники;Спутниковая сеть Iridium;88;16, 17;1000;847,46
838;Спутники;Спутниковая сеть Jasper;88;235;2000;1694,92
839;Спутники;Спутниковая сеть MCP;88;232;1000;847,46
840;Спутники;Спутниковая сеть Onair;88;298;2000;1694,92
841;Спутники;Спутниковая сеть Oration;88;233;1000;847,46
842;Спутники;Спутниковая сеть Seanet;88;242;1000;847,46
843;Спутники;Спутниковая сеть Thuraya;88;216;1000;847,46
844;Африка;Судан;249;;45;38,14
845;Африка;Судан Canar сеть;249;15;45;38,14
846;Африка;Судан моб.Mobitel;249;90, 91, 96;45;38,14
847;Африка;Судан моб.MTN;249;92, 99;45;38,14
848;Африка;Судан моб.Sudatel;249;11, 12;45;38,14
849;Африка;Судан моб.Vivacell;249;95;45;38,14
850;Африка;Судан моб.др.;249;9;45;38,14
851;Африка;Судан Южный;211;;200;169,49
852;Прочие;Суринам;597;;80;67,80
853;Прочие;Суринам моб.;597;68, 71, 72, 75, 8;80;67,80
854;США;США;1;;5;4,24
855;США;США Freefone;1;800, 866, 877, 888;5;4,24
856;США;США Аляска;1;907;8;6,78
857;США;США Гавайские о-ва;1;808;5;4,24
858;США;США Флорида;1;321;5;4,24
859;Африка;Сьерра-Леоне;232;;200;169,49
860;Африка;Сьерра-Леоне моб.;232;25, 30, 33, 44, 55, 56, 76, 77, 78, 88;200;169,49
861;СНГ;Таджикистан;992;;31;26,27
862;СНГ;Таджикистан альтернативные сети;992;4;31;26,27
863;СНГ;Таджикистан Душанбе;992;372;31;26,27
864;СНГ;Таджикистан Душанбе справка;992;37221;31;26,27
865;СНГ;Таджикистан моб.Babilon;992;918, 98;31;26,27
866;СНГ;Таджикистан моб.Babilon роуминг;992;9180;31;26,27
867;СНГ;Таджикистан моб.Indigo;992;50, 77, 93;31;26,27
868;СНГ;Таджикистан моб.Indigo роуминг;992;9301;31;26,27
869;СНГ;Таджикистан моб.M-Teko;992;96;31;26,27
870;СНГ;Таджикистан моб.Somoncom;992;505, 92;31;26,27
871;СНГ;Таджикистан моб.Tacom;992;911, 915, 917, 919;31;26,27
872;СНГ;Таджикистан моб.Telecom Ink.;992;97;31;26,27
873;СНГ;Таджикистан моб.TK-Mobile;992;95;31;26,27
874;СНГ;Таджикистан моб.Tojiktelecom;992;99;31;26,27
875;СНГ;Таджикистан моб.TT-Mobile;992;90;31;26,27
876;СНГ;Таджикистан моб.TT-Mobile роуминг;992;90700;31;26,27
877;СНГ;Таджикистан моб.др.;992;9;31;26,27
878;СНГ;Таджикистан премиум;992;37230;31;26,27
879;СНГ;Таджикистан премиум сервисы;992;6010000, 6010001, 6010002, 6010003, 6010004;31;26,27
882;Азия;Тайвань;88;6;5;4,24
883;Азия;Тайвань моб.;88;660, 670, 69;25;21,19
880;Азия;Таиланд;66;;5;4,24
881;Азия;Таиланд моб.;66;6, 8, 9;5;4,24
884;Африка;Танзания;255;;100;84,75
885;Африка;Танзания Дар эс Салам;255;22;100;84,75
886;Африка;Танзания моб.Airtel;255;68, 69, 78;100;84,75
887;Африка;Танзания моб.Tigo;255;65, 67, 71;100;84,75
888;Африка;Танзания моб.Vodacom;255;75, 76;100;84,75
889;Африка;Танзания моб.Zantel;255;225, 235, 245, 255, 265, 275, 285, 77;100;84,75
890;Африка;Танзания моб.др.;255;41, 61, 73, 74, 79;100;84,75
891;Прочие;Тимор вост.;670;;200;169,49
892;Африка;Того;228;;80;67,80
893;Африка;Того моб.MOOV;228;97, 98, 99;100;84,75
894;Африка;Того моб.Togocel;228;90, 91, 92, 93;80;67,80
895;Африка;Того моб.др.;228;9;100;84,75
896;Прочие;Токелау;690;;400;338,98
897;Прочие;Тонга;676;;200;169,49
898;Прочие;Тринидад и Тобаго;1;868;50;42,37
899;Прочие;Тринидад и Тобаго моб.;1;868285, 868289, 86829, 8683, 8684, 8686, 8687;50;42,37
900;Прочие;Тувалу;688;;250;211,86
901;Африка;Тунис;216;;200;169,49
902;Африка;Тунис моб.Orange;216;5;200;169,49
903;Африка;Тунис моб.Orascom;216;2;200;169,49
904;Африка;Тунис моб.Tunisia-telecom;216;40, 41, 42, 9;200;169,49
905;СНГ;Туркменистан;993;;26;22,03
906;СНГ;Туркменистан Ашхабад;993;12;26;22,03
907;СНГ;Туркменистан моб.;993;6;35;29,66
908;СНГ;Туркменистан моб.роуминг;993;66;35;29,66
909;Прочие;Туркс и Кайкос о-ва;1;649;70;59,32
910;Европа;Турция;90;;7;5,93
911;Европа;Турция Адана;90;322;7;5,93
912;Европа;Турция Анкара;90;312;7;5,93
913;Европа;Турция Анталья;90;242;7;5,93
914;Европа;Турция Бурса;90;224;7;5,93
915;Европа;Турция Измир;90;232;7;5,93
916;Европа;Турция Кайзери;90;352;7;5,93
917;Европа;Турция Конья;90;332;7;5,93
918;Европа;Турция моб.Aycell;90;50, 55;35;29,66
919;Европа;Турция моб.Telsim;90;54;35;29,66
920;Европа;Турция моб.Telsim роуминг;90;5429;35;29,66
921;Европа;Турция моб.Turkcell;90;53;35;29,66
922;Европа;Турция моб.Turkcell роуминг;90;5328;35;29,66
923;Европа;Турция моб.др.;90;5;35;29,66
924;Европа;Турция моб.Северный Кипр Telsim;90;5428, 54698, 54699, 5488;35;29,66
925;Европа;Турция моб.Северный Кипр Turkcell;90;5338;35;29,66
926;СНГ;Турция Самсун;90;362;7;5,93
927;Европа;Турция Северный Кипр;90;392;12;10,17
928;Европа;Турция Стамбул;90;212, 216;7;5,93
929;Африка;Уганда;256;;90;76,27
930;Африка;Уганда MTN сеть;256;30, 31, 33, 34, 35, 36, 37, 38;90;76,27
931;Африка;Уганда моб.Celtel;256;75;90;76,27
932;Африка;Уганда моб.Gemtel;256;477;90;76,27
933;Африка;Уганда моб.MTN;256;32, 39, 77, 78;90;76,27
934;Африка;Уганда моб.Orange;256;204, 73, 79;90;76,27
935;Африка;Уганда моб.Telecel;256;71;90;76,27
936;Африка;Уганда моб.Warid;256;70;90;76,27
937;СНГ;Узбекистан;998;;15;12,71
938;СНГ;Узбекистан города;998;6, 7;15;12,71
939;СНГ;Узбекистан моб.Coscom;998;93, 94;15;12,71
940;СНГ;Узбекистан моб.Coscom роуминг;998;9301, 9302;15;12,71
941;СНГ;Узбекистан моб.Coscom Ташкент;998;931, 933, 935, 946;15;12,71
942;СНГ;Узбекистан моб.Perfectum;998;98;15;12,71
943;СНГ;Узбекистан моб.Unitel;998;90, 91;15;12,71
944;СНГ;Узбекистан моб.Unitel роуминг;998;9018, 9091;15;12,71
945;СНГ;Узбекистан моб.Unitel Ташкент;998;901, 903, 909;15;12,71
946;СНГ;Узбекистан моб.Uzdunrobita;998;97;15;12,71
947;СНГ;Узбекистан моб.Uzdunrobita роуминг;998;9749, 9787, 9788, 9789;15;12,71
948;СНГ;Узбекистан моб.Uzdunrobita Ташкент;998;974, 977;15;12,71
949;СНГ;Узбекистан моб.Uzmacom;998;92;15;12,71
950;СНГ;Узбекистан моб.Uzmobile;998;99;15;12,71
951;СНГ;Узбекистан моб.др.;998;9;15;12,71
952;СНГ;Узбекистан Ташкент;998;712;5;4,24
953;СНГ;Украина;380;;30;25,42
954;СНГ;Украина SIP-телефония;380;892;30;25,42
955;СНГ;Украина Днепропетровск;380;562, 5637, 567;60;50,85
956;СНГ;Украина Донецк;380;622;60;50,85
957;СНГ;Украина Киев;380;44;30;25,42
958;СНГ;Украина Львов;380;322;30;25,42
959;СНГ;Украина моб.Astelit;380;63, 73, 93;60;50,85
960;СНГ;Украина моб.Astelit роуминг;380;630;60;50,85
961;СНГ;Украина моб.InterTelecom;380;94;70;59,32
962;СНГ;Украина моб.Kyivstar;380;68, 96, 97, 98;60;50,85
963;СНГ;Украина моб.Kyivstar роуминг;380;67;60;50,85
964;СНГ;Украина моб.Telesystems;380;92;45;38,14
965;СНГ;Украина моб.Ukrtelecom;380;91;70;59,32
966;СНГ;Украина моб.UMC;380;50, 66, 95, 99;60;50,85
967;СНГ;Украина моб.UMC роуминг;380;5012, 50306, 50319, 50349, 50350, 50354, 50365, 50408, 50455, 50466, 50483, 50485, 5079, 5089, 991, 996;60;50,85
968;СНГ;Украина Одесса;380;482, 483, 487;30;25,42
969;СНГ;Украина Одесская область;380;48;30;25,42
970;СНГ;Украина премиум;380;487408;200;169,49
971;СНГ;Украина Харьков;380;572, 573, 577;60;50,85
972;Прочие;Уоллес и Футуна о-ва;681;;200;169,49
973;Прочие;Уругвай;598;;15;12,71
974;Прочие;Уругвай моб.;598;9;45;38,14
975;Прочие;Фарерские о-ва;298;;35;29,66
976;Прочие;Фиджи;679;;45;38,14
977;Азия;Филиппины;63;;26;22,03
978;Азия;Филиппины моб.Globe;63;817, 905, 906, 915, 916, 917, 926, 927, 935, 936, 937;35;29,66
979;Азия;Филиппины моб.Smart;63;813, 907, 908, 909, 910, 912, 918, 919, 920, 921, 928, 929, 938, 98;35;29,66
980;Азия;Филиппины моб.Sun;63;922, 923, 932, 933;35;29,66
981;Азия;Филиппины моб.др.;63;9;35;29,66
982;Европа;Финляндия;358;;12;10,17
983;Европа;Финляндия корпоративные услуги;358;10, 20, 29, 30, 60, 700, 73, 75, 76, 800;16;13,56
984;Европа;Финляндия моб.Aaland;358;4570, 4573, 4575;7;5,93
985;Европа;Финляндия моб.DNA;358;41, 4320, 4321, 44, 4541, 4574, 4577, 4578, 4579, 4944;7;5,93
986;Европа;Финляндия моб.DNA роуминг;358;4479, 4576;7;5,93
987;Европа;Финляндия моб.Elisa;358;451, 452, 453, 456, 458, 46;7;5,93
988;Европа;Финляндия моб.Elisa роуминг;358;50;7;5,93
989;Европа;Финляндия моб.TDC;358;436, 438;7;5,93
990;Европа;Финляндия моб.TeliaSonera;358;40, 42;7;5,93
991;Европа;Финляндия моб.TeliaSonera роуминг;358;4099;7;5,93
992;Европа;Финляндия моб.др.;358;4;7;5,93
993;Европа;Финляндия премиум;358;71;18;15,25
994;Европа;Финляндия Хельсинки;358;19, 9;12;10,17
995;Прочие;Фолклендские о-ва;500;;400;338,98
996;Европа;Франция;33;;5;4,24
997;Европа;Франция GlobalStar;33;63800, 64000, 64001, 64002, 64003, 64004;100;84,75
998;Европа;Франция OLO;33;8, 9;70;59,32
999;Европа;Франция моб.Bouygues;33;6003, 60042, 6009, 6444, 6445, 6446, 64950, 650, 658, 659, 660, 661, 662, 663, 664, 665, 666, 667, 668, 6690, 6691, 6692, 6693, 6694, 6695, 6696, 6697, 6699, 698, 699, 76;17;14,41
1000;Европа;Франция моб.Bouygues роуминг;33;6530, 6531, 6532, 6533, 6534;17;14,41
1001;Европа;Франция моб.Orange;33;6001, 60041, 60051, 6008, 607, 608, 630, 631, 632, 633, 6365, 6366, 6367, 6368, 6369, 637, 6381, 6382, 6383, 6384, 6385, 6386, 6387, 6388, 6389, 6401, 6402, 6403, 6404, 6405, 6406, 6407, 6408, 6409, 64160, 64161, 6417, 642, 643, 6441, 6442, 6443, 645, 647, 648, 67, 68, 7705, 7706, 7707, 7708, 7709, 785, 786, 787, 788, 789;17;14,41
1002;Европа;Франция моб.Orange роуминг;33;654;17;14,41
1003;Европа;Франция моб.SFR;33;6002, 60052, 6007, 601, 6022, 6023, 6024, 6025, 603, 6040, 6041, 6044, 6045, 6046, 6047, 6048, 6049, 6050, 6051, 6052, 6053, 6054, 6064, 6065, 6066, 6067, 6068, 6069, 609, 61, 62, 634, 635, 6360, 6361, 6362, 6363, 6364, 64005, 64006, 64007, 64008, 64009, 6410, 6411, 6412, 6413, 6414, 6415, 64163, 64164, 64166, 64167, 64168, 64169, 6418, 6419, 6440, 6447, 6448, 6449, 646, 64990, 64991, 64995, 64998, 65666, 65667, 65668, 65669, 6567, 6568, 6698, 7500, 7501, 7505, 75060, 7507, 7520, 754, 755, 7575, 7576, 7577, 7578, 7713, 7714, 777, 778, 779, 780;17;14,41
1004;Европа;Франция моб.SFR роуминг;33;655;17;14,41
1005;Европа;Франция моб.др.;33;6, 7;17;14,41
1006;Европа;Французская Гвиана;594;;5;4,24
1007;Европа;Французская Гвиана моб.;594;694;11;9,32
1008;Европа;Французская Полинезия;689;;70;59,32
1009;Европа;Хорватия;385;;30;25,42
1012;Европа;Хорватия моб.T-mobile;385;97, 98, 99;90;76,27
1013;Европа;Хорватия моб.T-mobile роуминг;385;980;90;76,27
1010;Европа;Хорватия моб.Tele2;385;901, 95;90;76,27
1011;Европа;Хорватия моб.Tele2 роуминг;385;951;90;76,27
1014;Европа;Хорватия моб.VIP-NET;385;91, 92;90;76,27
1015;Европа;Хорватия моб.VIP-NET роуминг;385;910;90;76,27
1016;Европа;Хорватия премиум;385;12389;200;169,49
1017;Африка;Центрально-Африканская Республика;236;;100;84,75
1018;Африка;Центрально-Африканская Республика моб.;236;70, 72, 75, 77;200;169,49
1019;Африка;Центрально-Африканская Республика специальные сервисы;236;21, 22, 36, 74, 87;100;84,75
1020;Африка;Чад;235;;200;169,49
1021;Африка;Чад моб.;235;2, 7;200;169,49
1022;Африка;Чад моб.Celtel;235;3, 6;200;169,49
1023;Африка;Чад моб.Millicom;235;9;200;169,49
1024;Европа;Черногория;382;;27;22,88
1025;Европа;Черногория моб.MTEL;382;60, 68;90;76,27
1026;Европа;Черногория моб.ProMonte;382;63, 69;90;76,27
1027;Европа;Черногория моб.T-Mobile;382;66, 67;90;76,27
1028;Европа;Черногория специальные сервисы;382;78, 88;90;76,27
1029;Европа;Чехия;420;;5;4,24
1030;Европа;Чехия моб.;420;60, 702, 703, 704, 705, 72, 73, 77, 79, 93, 96;18;15,25
1031;Европа;Чехия моб. travel;420;7910;18;15,25
1032;Европа;Чехия моб.роуминг;420;602, 603, 770;18;15,25
1033;Европа;Чехия специальные сервисы;420;840, 841, 842, 847, 848, 849;21;17,80
1034;Прочие;Чили;56;;13;11,02
1035;Прочие;Чили моб.;56;8, 9;13;11,02
1036;Прочие;Чили Сантьяго;56;2;13;11,02
1037;Прочие;Чили специальные сервисы;56;11, 15, 2196, 2198, 2572, 2593, 2788, 2868, 32198, 3221, 3225, 33198, 34198, 35198, 41197, 42197, 42198, 43197, 43198, 45, 51198, 52198, 53198, 55198, 61198, 63197, 64197, 65197, 65198, 67198, 71197, 71198, 72198, 73197, 73198, 75197, 75198;200;169,49
1038;Европа;Швейцария;41;;5;4,24
1039;Европа;Швейцария ИСС;41;801;5;4,24
1040;Европа;Швейцария корпоративные сервисы;41;58, 84, 87;5;4,24
1041;Европа;Швейцария моб.Barablu;41;7698, 7699, 860769;100;84,75
1042;Европа;Швейцария моб.Global Net;41;79979, 860799;100;84,75
1043;Европа;Швейцария моб.In&Phone;41;7730, 7731, 77357, 860773;100;84,75
1044;Европа;Швейцария моб.Orange;41;78, 86078;100;84,75
1045;Европа;Швейцария моб.Orange роуминг;41;7893;100;84,75
1046;Европа;Швейцария моб.Sunrise;41;76, 86076;100;84,75
1047;Европа;Швейцария моб.Sunrise роуминг;41;7659;100;84,75
1048;Европа;Швейцария моб.Swisscom;41;754, 774, 79, 8607540, 860774, 86079;100;84,75
1049;Европа;Швейцария моб.Swisscom роуминг;41;7949;100;84,75
1050;Европа;Швейцария моб.Tele 2;41;772, 860772;100;84,75
1051;Европа;Швейцария моб.др.;41;75, 77, 79977, 79978, 81579, 86, 86074279, 86077;100;84,75
1052;Европа;Швейцария пейджинг;41;74;100;84,75
1053;Европа;Швеция;46;;5;4,24
1054;Европа;Швеция моб.Comviq;46;252, 254, 700, 7015, 7016, 704, 707, 7190000, 7200, 7201, 7202, 7203, 7204, 72149, 722, 7283, 7284, 7285, 7286, 7287, 7290, 7291, 7292, 7293, 7294, 73171, 7321, 7322, 734602, 734603, 734604, 734605, 734606, 734607, 734608, 734609, 73461, 7355, 7356, 7357, 7358, 7359, 736, 737, 73866, 73867, 73868, 7387, 7389, 739, 7605, 7606, 7607, 7608, 7609, 762, 7640, 7641, 7642, 76470, 76471, 76472, 76473, 76474, 76475, 76476, 76477, 7649410, 7649411, 7649412, 7649413, 7649414, 765, 7665, 76667, 7668, 76695, 76696, 76697, 76698, 76699, 7670, 7671, 76720, 76721, 76722, 76723, 76724, 76725, 7672673, 7690, 7691, 7692, 7693, 7694;5;4,24
1055;Европа;Швеция моб.Comviq роуминг;46;7070, 7390;5;4,24
1056;Европа;Швеция моб.Hi3G;46;675, 7230, 7231, 7232, 7233, 7600, 7601, 7602, 7603, 7604, 7616, 7617, 7618, 7619, 763;5;4,24
1057;Европа;Швеция моб.Hi3G роуминг;46;7350, 7351, 7352, 7353, 7354;5;4,24
1058;Европа;Швеция моб.Telenor;46;674, 7011, 7014, 701970, 701971, 701972, 701973, 701974, 701975, 701976, 701990, 701991, 701992, 701993, 701994, 701995, 708, 709, 7190001, 7190002, 7190003, 7190004, 7190005, 7190007, 7190008, 72059, 7215, 7216, 7217, 7218, 7219, 7235, 7236, 7237, 7238, 7239, 724000, 7288, 7296, 7297, 7298, 7299, 7310, 73125, 73128, 7314, 7315, 7320, 7323, 7324, 7325, 7326, 7328, 733, 7340, 7341, 7342, 7343, 7344, 73457, 73458, 73462, 73463, 73464, 73465, 73466, 73467, 73468, 73469, 7385, 7386, 7388, 7635, 7636, 7637, 7660, 7661, 7662, 7663, 7664, 76668, 76727, 7685, 7686, 7687, 7688, 7689;5;4,24
1059;Европа;Швеция моб.Telenor роуминг;46;7080;5;4,24
1060;Европа;Швеция моб.Telia;46;376, 518, 519, 673, 7010, 7012, 7013, 7017, 7018, 70190, 70191, 70193, 70198, 702, 703, 706, 7191010, 720505, 720506, 72055, 72056, 7206, 7207, 7210, 7211, 7212, 7213, 7220, 7221, 7222, 7223, 7224, 725, 7270, 7271, 7272, 7273, 7274, 7280, 7289, 730, 7311, 731211, 731212, 7316, 73173, 73174, 73175, 7318, 7327, 7329, 73456, 7380, 7381, 7382, 7383, 7384, 7610, 7611, 7612, 7613, 7614, 76670, 76671, 76672, 76673, 76674, 76676, 76677, 7673, 7676, 7677, 7678, 7679, 7680, 7681, 7682, 7683, 7684;5;4,24
1061;Европа;Швеция моб.Telia роуминг;46;705;5;4,24
1062;Европа;Швеция моб.др.;46;676, 70, 71, 72, 73, 76;5;4,24
1063;Европа;Швеция специальные сервисы;46;74, 77;5;4,24
1064;Азия;Шри-Ланка;94;;45;38,14
1065;Азия;Шри-Ланка Lankabell сеть;94;115, 215, 235, 245, 255, 265, 275, 315, 325, 335, 345, 355, 365, 375, 385, 415, 455, 475, 515, 525, 545, 555, 575, 635, 655, 665, 675, 815, 915;45;38,14
1066;Азия;Шри-Ланка SLT сеть;94;112, 113, 19733, 212, 213, 232, 233, 242, 243, 252, 253, 262, 263, 272, 273, 312, 313, 322, 323, 332, 333, 342, 343, 352, 353, 362, 363, 372, 373, 382, 383, 412, 413, 452, 453, 472, 473, 512, 513, 522, 523, 542, 543, 552, 553, 572, 573, 632, 633, 652, 653, 662, 663, 672, 673, 812, 813, 912, 913;45;38,14
1067;Азия;Шри-Ланка Suntel сеть;94;114, 214, 234, 244, 254, 264, 274, 314, 324, 334, 344, 354, 364, 374, 384, 414, 454, 474, 514, 524, 544, 554, 574, 634, 654, 664, 674, 814, 914;45;38,14
1068;Азия;Шри-Ланка моб.Airtel;94;75;45;38,14
1069;Азия;Шри-Ланка моб.Celltel;94;72;45;38,14
1070;Азия;Шри-Ланка моб.Dialog;94;765, 766, 767, 768, 769, 77;45;38,14
1071;Азия;Шри-Ланка моб.Dialog CDMA;94;117, 217, 237, 247, 257, 267, 277, 317, 327, 337, 347, 357, 367, 377, 387, 417, 457, 477, 517, 527, 547, 557, 577, 637, 657, 667, 677, 817, 917;45;38,14
1072;Азия;Шри-Ланка моб.Hutch;94;78;45;38,14
1073;Азия;Шри-Ланка моб.Mobitel;94;71;45;38,14
1074;Прочие;Эквадор;593;;31;26,27
1075;Прочие;Эквадор моб.;593;69, 8, 9;60;50,85
1076;Прочие;Экваториальная Гвинея;240;;100;84,75
1077;Прочие;Эритрея;291;;60;50,85
1078;Европа;Эстония;372;;5;4,24
1079;Европа;Эстония моб.Elisa;372;5456, 5457, 5458, 5459, 5461, 5462, 56, 5891, 5892, 5893, 5894, 5897;5;4,24
1080;Европа;Эстония моб.EMT;372;50, 51, 52, 530, 5323, 5324, 5330, 5331, 5332, 534, 535, 5360, 5361, 5362, 5363, 5364, 5365, 5366, 5367, 537, 538, 539, 5740, 5741, 5742, 5743, 5744, 5780, 5781, 5782, 5783, 5784, 5785, 5786, 5787, 585, 586, 587, 590, 5910, 5911, 59123, 59124, 59125, 59126, 59127, 59128, 59129, 59145, 59146, 59147, 59148, 59149, 5915, 5916, 5917, 5918, 5919;5;4,24
1082;Европа;Эстония моб.Tele2;372;55, 580, 581, 582, 583, 584;5;4,24
1081;Европа;Эстония моб.Televito;372;5411193, 5411194, 57466, 57469, 5944198, 5944199, 5999568, 5999569, 599957, 5999580, 5999581, 5999582, 5999583, 5999584, 5999585, 5999586, 5999587, 5999588, 81800, 82200;80;67,80
1083;Европа;Эстония моб.Top Connect;372;531, 5320, 5321, 53220, 53221, 53222, 53223, 53224, 53227, 53228, 5325, 53260, 53261, 53262, 53263, 53265, 53266, 5327, 53280, 53281, 53282, 53283, 53286, 53287, 53288, 53289, 53290, 53291, 532935, 532936, 532937, 532938, 532939, 53294, 53295, 53296, 53297, 53298, 53299, 53336, 53342, 53343, 53344, 53346, 53347, 53348, 53349, 53350, 53351, 53352, 53353, 53354, 53355, 53356, 53357, 53360, 53361, 53362, 53367, 53368, 53369, 53370, 53371, 53372, 53373, 53374, 53376, 53377, 53378, 53379, 5338, 5339, 536832, 536835, 536836, 536837, 536838, 536839, 53684, 53685, 53686, 53687, 53688, 53689, 5369, 54000, 540010, 540011, 540012, 54111, 570041, 57012, 571, 5720, 57210, 57211, 57212, 57213, 57214, 57215, 592, 593, 594, 595, 596, 597, 598, 599, 8002220, 8002221, 8002223, 8002224, 8002225, 8002226, 8002227, 8002228, 8002229, 8002230, 8002231, 8002232, 8002234, 8002235, 8002236, 8002237, 8002238, 8002239, 8002240, 8002241, 8009986, 8009987, 8009988, 8009989, 810000, 820000;80;67,80
1084;Европа;Эстония моб.др.;372;5, 81, 82, 83;80;67,80
1085;Европа;Эстония премиум;372;40144, 40224, 40770, 40888, 40990;200;169,49
1086;Европа;Эстония премиум2;372;40044, 40069, 40880, 70203, 70231, 82500, 82501;200;169,49
1087;Европа;Эстония специальные сервисы;372;40, 70;250;211,86
1088;Африка;Эфиопия;251;;70;59,32
1089;Африка;Эфиопия моб.;251;9;70;59,32
1090;СНГ;Южная Осетия;7;850;23;19,49
1091;СНГ;Южная Осетия, Моб.1;7;929803, 929804, 929805, 929806, 929807, 929808, 929809, 929810, 929811, 929812;23;19,49
1092;СНГ;Южная Осетия, Моб.2;7;998;23;19,49
1093;Африка;Южно-Африканская Республика;27;;16;13,56
1094;Африка;Южно-Африканская Республика моб.;27;603, 604, 605, 606, 607, 608, 609, 610, 611, 612, 613, 614, 71, 72, 73, 74, 75, 76, 78, 79, 81, 82, 83, 84, 85, 86, 88;16;13,56
1095;Африка;Южно-Африканская Республика специальные сервисы;27;100, 120, 130, 140, 150, 160, 180, 210, 310, 320, 410, 510, 87;17;14,41
1096;Прочие;Ямайка;1;876;50;42,37
1097;Прочие;Ямайка моб.;1;87621, 87624, 87625, 87626, 87627, 87628, 87629, 8763, 8764, 87650, 87652, 87653, 87654, 87655, 87656, 87657, 87658, 87659, 87661, 87662, 87663, 87664, 876665, 876666, 876667, 876668, 876669, 8767, 8768, 876909, 876919, 876990, 876995, 876997, 876999;70;59,32
1098;Азия;Япония;81;;5;4,24
1099;Азия;Япония IP Phone;81;50;7;5,93
1100;Азия;Япония моб.;81;70, 80, 90;17;14,41
